<?xml version="1.0"?>
<opencv_storage>
<lamp type_id="opencv-haar-classifier">
  <size>
    24 24</size>
  <stages>
    <_>
      <trees>
        <_>
          <_>
            <feature>
              <rects>
                <_>
                  8 0 8 16 -1.</_>
                <_>
                  8 8 8 8 2.</_></rects>
              <tilted>0</tilted></feature>
            <threshold>0.0854469090700150</threshold>
            <left_val>-0.6637169122695923</left_val>
            <right_val>0.8620690703392029</right_val></_></_>
        <_>
          <_>
            <feature>
              <rects>
                <_>
                  0 3 24 21 -1.</_>
                <_>
                  8 10 8 7 9.</_></rects>
              <tilted>0</tilted></feature>
            <threshold>0.7825673222541809</threshold>
            <left_val>-0.2978154122829437</left_val>
            <right_val>0.8887436985969544</right_val></_></_>
        <_>
          <_>
            <feature>
              <rects>
                <_>
                  1 0 2 1 -1.</_>
                <_>
                  2 0 1 1 2.</_></rects>
              <tilted>0</tilted></feature>
            <threshold>-1.0427270171931013e-004</threshold>
            <left_val>-0.8488765954971314</left_val>
            <right_val>0.4098736047744751</right_val></_></_>
        <_>
          <_>
            <feature>
              <rects>
                <_>
                  0 0 24 10 -1.</_>
                <_>
                  6 0 12 10 2.</_></rects>
              <tilted>0</tilted></feature>
            <threshold>-0.1923484057188034</threshold>
            <left_val>0.8916720151901245</left_val>
            <right_val>-0.3516237139701843</right_val></_></_>
        <_>
          <_>
            <feature>
              <rects>
                <_>
                  0 6 24 3 -1.</_>
                <_>
                  6 6 12 3 2.</_></rects>
              <tilted>0</tilted></feature>
            <threshold>0.0625347867608070</threshold>
            <left_val>-0.2721579074859619</left_val>
            <right_val>0.8988050222396851</right_val></_></_>
        <_>
          <_>
            <feature>
              <rects>
                <_>
                  11 3 5 16 -1.</_>
                <_>
                  11 11 5 8 2.</_></rects>
              <tilted>0</tilted></feature>
            <threshold>0.0453109405934811</threshold>
            <left_val>-0.2403776049613953</left_val>
            <right_val>0.6849914789199829</right_val></_></_>
        <_>
          <_>
            <feature>
              <rects>
                <_>
                  3 9 1 3 -1.</_>
                <_>
                  2 10 1 1 3.</_></rects>
              <tilted>1</tilted></feature>
            <threshold>-4.1797751327976584e-004</threshold>
            <left_val>-0.8452678918838501</left_val>
            <right_val>0.3724642097949982</right_val></_></_></trees>
      <stage_threshold>-1.0433540344238281</stage_threshold>
      <parent>-1</parent>
      <next>-1</next></_>
    <_>
      <trees>
        <_>
          <_>
            <feature>
              <rects>
                <_>
                  4 1 14 16 -1.</_>
                <_>
                  4 9 14 8 2.</_></rects>
              <tilted>0</tilted></feature>
            <threshold>0.1508938968181610</threshold>
            <left_val>-0.5641791224479675</left_val>
            <right_val>0.7132077217102051</right_val></_></_>
        <_>
          <_>
            <feature>
              <rects>
                <_>
                  0 0 24 24 -1.</_>
                <_>
                  8 8 8 8 9.</_></rects>
              <tilted>0</tilted></feature>
            <threshold>1.0493309497833252</threshold>
            <left_val>-0.2502419948577881</left_val>
            <right_val>0.8362663984298706</right_val></_></_>
        <_>
          <_>
            <feature>
              <rects>
                <_>
                  0 0 24 7 -1.</_>
                <_>
                  8 0 8 7 3.</_></rects>
              <tilted>0</tilted></feature>
            <threshold>-0.2275930047035217</threshold>
            <left_val>0.8933973908424377</left_val>
            <right_val>-0.3201015889644623</right_val></_></_>
        <_>
          <_>
            <feature>
              <rects>
                <_>
                  20 2 2 2 -1.</_>
                <_>
                  20 2 2 1 2.</_></rects>
              <tilted>1</tilted></feature>
            <threshold>-3.4507620148360729e-003</threshold>
            <left_val>-0.5716363191604614</left_val>
            <right_val>0.1055013015866280</right_val></_></_>
        <_>
          <_>
            <feature>
              <rects>
                <_>
                  4 2 2 2 -1.</_>
                <_>
                  4 2 1 2 2.</_></rects>
              <tilted>1</tilted></feature>
            <threshold>1.1877369979629293e-004</threshold>
            <left_val>0.4162848889827728</left_val>
            <right_val>-0.6013962030410767</right_val></_></_>
        <_>
          <_>
            <feature>
              <rects>
                <_>
                  13 0 2 12 -1.</_>
                <_>
                  13 0 1 12 2.</_></rects>
              <tilted>1</tilted></feature>
            <threshold>-0.0186169706285000</threshold>
            <left_val>0.6356313228607178</left_val>
            <right_val>-0.1893938034772873</right_val></_></_>
        <_>
          <_>
            <feature>
              <rects>
                <_>
                  0 23 24 1 -1.</_>
                <_>
                  12 23 12 1 2.</_></rects>
              <tilted>0</tilted></feature>
            <threshold>5.8533078990876675e-003</threshold>
            <left_val>0.2800720036029816</left_val>
            <right_val>-0.8165137171745300</right_val></_></_></trees>
      <stage_threshold>-1.3589379787445068</stage_threshold>
      <parent>0</parent>
      <next>-1</next></_>
    <_>
      <trees>
        <_>
          <_>
            <feature>
              <rects>
                <_>
                  0 0 12 12 -1.</_>
                <_>
                  0 0 6 6 2.</_>
                <_>
                  6 6 6 6 2.</_></rects>
              <tilted>0</tilted></feature>
            <threshold>0.0264852996915579</threshold>
            <left_val>-0.5356032252311707</left_val>
            <right_val>0.6290798783302307</right_val></_></_>
        <_>
          <_>
            <feature>
              <rects>
                <_>
                  18 16 2 3 -1.</_>
                <_>
                  18 16 1 3 2.</_></rects>
              <tilted>0</tilted></feature>
            <threshold>8.9559298430685885e-006</threshold>
            <left_val>-0.4423938095569611</left_val>
            <right_val>0.2708708047866821</right_val></_></_>
        <_>
          <_>
            <feature>
              <rects>
                <_>
                  12 0 12 4 -1.</_>
                <_>
                  12 0 12 2 2.</_></rects>
              <tilted>1</tilted></feature>
            <threshold>-0.0477197282016277</threshold>
            <left_val>0.7486047148704529</left_val>
            <right_val>-0.2792845964431763</right_val></_></_>
        <_>
          <_>
            <feature>
              <rects>
                <_>
                  2 6 20 1 -1.</_>
                <_>
                  7 6 10 1 2.</_></rects>
              <tilted>0</tilted></feature>
            <threshold>-0.0276184491813183</threshold>
            <left_val>0.9508711099624634</left_val>
            <right_val>-0.2422230988740921</right_val></_></_>
        <_>
          <_>
            <feature>
              <rects>
                <_>
                  6 21 10 2 -1.</_>
                <_>
                  6 22 10 1 2.</_></rects>
              <tilted>0</tilted></feature>
            <threshold>-2.4618660099804401e-003</threshold>
            <left_val>0.6344953775405884</left_val>
            <right_val>-0.3236339092254639</right_val></_></_>
        <_>
          <_>
            <feature>
              <rects>
                <_>
                  23 0 1 8 -1.</_>
                <_>
                  23 2 1 4 2.</_></rects>
              <tilted>0</tilted></feature>
            <threshold>7.1105797542259097e-004</threshold>
            <left_val>0.2160560935735703</left_val>
            <right_val>-0.5829914212226868</right_val></_></_>
        <_>
          <_>
            <feature>
              <rects>
                <_>
                  1 19 4 1 -1.</_>
                <_>
                  2 20 2 1 2.</_></rects>
              <tilted>1</tilted></feature>
            <threshold>8.9640932856127620e-004</threshold>
            <left_val>0.2630080878734589</left_val>
            <right_val>-0.8255556225776672</right_val></_></_>
        <_>
          <_>
            <feature>
              <rects>
                <_>
                  22 22 1 2 -1.</_>
                <_>
                  22 23 1 1 2.</_></rects>
              <tilted>0</tilted></feature>
            <threshold>6.5702268329914659e-005</threshold>
            <left_val>0.1320606023073196</left_val>
            <right_val>-0.7400388121604919</right_val></_></_></trees>
      <stage_threshold>-1.2726880311965942</stage_threshold>
      <parent>1</parent>
      <next>-1</next></_>
    <_>
      <trees>
        <_>
          <_>
            <feature>
              <rects>
                <_>
                  0 3 24 21 -1.</_>
                <_>
                  8 10 8 7 9.</_></rects>
              <tilted>0</tilted></feature>
            <threshold>0.8736339211463928</threshold>
            <left_val>-0.4168798923492432</left_val>
            <right_val>0.7951139211654663</right_val></_></_>
        <_>
          <_>
            <feature>
              <rects>
                <_>
                  2 2 20 7 -1.</_>
                <_>
                  7 2 10 7 2.</_></rects>
              <tilted>0</tilted></feature>
            <threshold>-0.1240777000784874</threshold>
            <left_val>0.8306875824928284</left_val>
            <right_val>-0.2592797875404358</right_val></_></_>
        <_>
          <_>
            <feature>
              <rects>
                <_>
                  1 8 6 12 -1.</_>
                <_>
                  4 8 3 12 2.</_></rects>
              <tilted>0</tilted></feature>
            <threshold>0.0302795693278313</threshold>
            <left_val>-0.3193160891532898</left_val>
            <right_val>0.7236799001693726</right_val></_></_>
        <_>
          <_>
            <feature>
              <rects>
                <_>
                  20 4 3 3 -1.</_>
                <_>
                  20 5 3 1 3.</_></rects>
              <tilted>0</tilted></feature>
            <threshold>-2.4646488600410521e-004</threshold>
            <left_val>-0.5063140988349915</left_val>
            <right_val>0.2672409117221832</right_val></_></_>
        <_>
          <_>
            <feature>
              <rects>
                <_>
                  6 5 12 1 -1.</_>
                <_>
                  10 5 4 1 3.</_></rects>
              <tilted>0</tilted></feature>
            <threshold>6.1205700039863586e-003</threshold>
            <left_val>-0.3072825968265533</left_val>
            <right_val>0.7505416274070740</right_val></_></_></trees>
      <stage_threshold>-0.7660763859748840</stage_threshold>
      <parent>2</parent>
      <next>-1</next></_>
    <_>
      <trees>
        <_>
          <_>
            <feature>
              <rects>
                <_>
                  0 0 24 24 -1.</_>
                <_>
                  8 8 8 8 9.</_></rects>
              <tilted>0</tilted></feature>
            <threshold>1.1531490087509155</threshold>
            <left_val>-0.3496348857879639</left_val>
            <right_val>0.7729865908622742</right_val></_></_>
        <_>
          <_>
            <feature>
              <rects>
                <_>
                  21 2 1 3 -1.</_>
                <_>
                  21 3 1 1 3.</_></rects>
              <tilted>0</tilted></feature>
            <threshold>-4.1759270243346691e-004</threshold>
            <left_val>-0.7612372040748596</left_val>
            <right_val>0.2155776023864746</right_val></_></_>
        <_>
          <_>
            <feature>
              <rects>
                <_>
                  0 1 16 18 -1.</_>
                <_>
                  0 1 8 9 2.</_>
                <_>
                  8 10 8 9 2.</_></rects>
              <tilted>0</tilted></feature>
            <threshold>0.1837259978055954</threshold>
            <left_val>-0.2716875076293945</left_val>
            <right_val>0.7260841727256775</right_val></_></_>
        <_>
          <_>
            <feature>
              <rects>
                <_>
                  2 8 20 16 -1.</_>
                <_>
                  2 12 20 8 2.</_></rects>
              <tilted>0</tilted></feature>
            <threshold>0.1689669936895371</threshold>
            <left_val>-0.3105784952640533</left_val>
            <right_val>0.7264916896820068</right_val></_></_>
        <_>
          <_>
            <feature>
              <rects>
                <_>
                  7 21 10 3 -1.</_>
                <_>
                  7 22 10 1 3.</_></rects>
              <tilted>0</tilted></feature>
            <threshold>-3.4537550527602434e-003</threshold>
            <left_val>0.6818308234214783</left_val>
            <right_val>-0.2531279921531677</right_val></_></_>
        <_>
          <_>
            <feature>
              <rects>
                <_>
                  22 7 1 3 -1.</_>
                <_>
                  22 8 1 1 3.</_></rects>
              <tilted>0</tilted></feature>
            <threshold>5.1990838255733252e-004</threshold>
            <left_val>0.1161751002073288</left_val>
            <right_val>-0.9519786238670349</right_val></_></_>
        <_>
          <_>
            <feature>
              <rects>
                <_>
                  0 4 5 3 -1.</_>
                <_>
                  0 5 5 1 3.</_></rects>
              <tilted>0</tilted></feature>
            <threshold>8.1969279563054442e-004</threshold>
            <left_val>0.2384790927171707</left_val>
            <right_val>-0.8925043940544128</right_val></_></_></trees>
      <stage_threshold>-0.6566532254219055</stage_threshold>
      <parent>3</parent>
      <next>-1</next></_>
    <_>
      <trees>
        <_>
          <_>
            <feature>
              <rects>
                <_>
                  0 5 24 18 -1.</_>
                <_>
                  6 5 12 18 2.</_></rects>
              <tilted>0</tilted></feature>
            <threshold>0.4190157055854797</threshold>
            <left_val>-0.2783960103988648</left_val>
            <right_val>0.8741238713264465</right_val></_></_>
        <_>
          <_>
            <feature>
              <rects>
                <_>
                  22 4 2 3 -1.</_>
                <_>
                  22 5 2 1 3.</_></rects>
              <tilted>0</tilted></feature>
            <threshold>-3.7784679443575442e-004</threshold>
            <left_val>-0.6414111256599426</left_val>
            <right_val>0.2526572942733765</right_val></_></_>
        <_>
          <_>
            <feature>
              <rects>
                <_>
                  0 4 2 3 -1.</_>
                <_>
                  0 5 2 1 3.</_></rects>
              <tilted>0</tilted></feature>
            <threshold>-4.0650679147802293e-004</threshold>
            <left_val>-0.7483643293380737</left_val>
            <right_val>0.2610979080200195</right_val></_></_>
        <_>
          <_>
            <feature>
              <rects>
                <_>
                  11 3 10 8 -1.</_>
                <_>
                  16 3 5 4 2.</_>
                <_>
                  11 7 5 4 2.</_></rects>
              <tilted>0</tilted></feature>
            <threshold>0.0239820200949907</threshold>
            <left_val>-0.3647539913654327</left_val>
            <right_val>0.5911563038825989</right_val></_></_>
        <_>
          <_>
            <feature>
              <rects>
                <_>
                  4 17 2 1 -1.</_>
                <_>
                  5 17 1 1 2.</_></rects>
              <tilted>0</tilted></feature>
            <threshold>8.9559298430685885e-006</threshold>
            <left_val>-0.4885840117931366</left_val>
            <right_val>0.3806810081005096</right_val></_></_>
        <_>
          <_>
            <feature>
              <rects>
                <_>
                  9 11 15 2 -1.</_>
                <_>
                  9 12 15 1 2.</_></rects>
              <tilted>0</tilted></feature>
            <threshold>7.2392147558275610e-005</threshold>
            <left_val>-0.3672249019145966</left_val>
            <right_val>0.2937825024127960</right_val></_></_>
        <_>
          <_>
            <feature>
              <rects>
                <_>
                  7 0 9 4 -1.</_>
                <_>
                  7 1 9 2 2.</_></rects>
              <tilted>0</tilted></feature>
            <threshold>-0.0114252502098680</threshold>
            <left_val>0.8456650972366333</left_val>
            <right_val>-0.2542493939399719</right_val></_></_>
        <_>
          <_>
            <feature>
              <rects>
                <_>
                  21 6 3 3 -1.</_>
                <_>
                  22 7 1 3 3.</_></rects>
              <tilted>1</tilted></feature>
            <threshold>3.6050719209015369e-003</threshold>
            <left_val>0.1228104010224342</left_val>
            <right_val>-0.5997936725616455</right_val></_></_>
        <_>
          <_>
            <feature>
              <rects>
                <_>
                  0 10 1 6 -1.</_>
                <_>
                  0 12 1 2 3.</_></rects>
              <tilted>0</tilted></feature>
            <threshold>-7.2181958239525557e-004</threshold>
            <left_val>-0.7664340138435364</left_val>
            <right_val>0.2662664055824280</right_val></_></_></trees>
      <stage_threshold>-0.8503761887550354</stage_threshold>
      <parent>4</parent>
      <next>-1</next></_>
    <_>
      <trees>
        <_>
          <_>
            <feature>
              <rects>
                <_>
                  6 10 4 12 -1.</_>
                <_>
                  8 10 2 12 2.</_></rects>
              <tilted>0</tilted></feature>
            <threshold>2.2535810712724924e-003</threshold>
            <left_val>-0.4966441988945007</left_val>
            <right_val>0.5068491101264954</right_val></_></_>
        <_>
          <_>
            <feature>
              <rects>
                <_>
                  11 20 3 4 -1.</_>
                <_>
                  12 20 1 4 3.</_></rects>
              <tilted>0</tilted></feature>
            <threshold>9.8979682661592960e-004</threshold>
            <left_val>0.1493200063705444</left_val>
            <right_val>-0.7852010726928711</right_val></_></_>
        <_>
          <_>
            <feature>
              <rects>
                <_>
                  10 20 3 4 -1.</_>
                <_>
                  11 20 1 4 3.</_></rects>
              <tilted>0</tilted></feature>
            <threshold>9.2259090160951018e-004</threshold>
            <left_val>0.2044818997383118</left_val>
            <right_val>-0.8764842152595520</right_val></_></_>
        <_>
          <_>
            <feature>
              <rects>
                <_>
                  6 20 17 4 -1.</_>
                <_>
                  6 21 17 2 2.</_></rects>
              <tilted>0</tilted></feature>
            <threshold>-3.8293960969895124e-003</threshold>
            <left_val>0.4547668099403381</left_val>
            <right_val>-0.3527016043663025</right_val></_></_>
        <_>
          <_>
            <feature>
              <rects>
                <_>
                  3 18 3 3 -1.</_>
                <_>
                  4 19 1 3 3.</_></rects>
              <tilted>1</tilted></feature>
            <threshold>-1.5415069647133350e-003</threshold>
            <left_val>-0.7778841257095337</left_val>
            <right_val>0.2228139042854309</right_val></_></_>
        <_>
          <_>
            <feature>
              <rects>
                <_>
                  7 0 16 10 -1.</_>
                <_>
                  15 0 8 5 2.</_>
                <_>
                  7 5 8 5 2.</_></rects>
              <tilted>0</tilted></feature>
            <threshold>0.0298841595649719</threshold>
            <left_val>-0.3779701888561249</left_val>
            <right_val>0.2794361114501953</right_val></_></_>
        <_>
          <_>
            <feature>
              <rects>
                <_>
                  0 22 3 1 -1.</_>
                <_>
                  1 22 1 1 3.</_></rects>
              <tilted>0</tilted></feature>
            <threshold>1.5283819811884314e-004</threshold>
            <left_val>0.1924961954355240</left_val>
            <right_val>-0.7767817974090576</right_val></_></_></trees>
      <stage_threshold>-0.8817638158798218</stage_threshold>
      <parent>5</parent>
      <next>-1</next></_>
    <_>
      <trees>
        <_>
          <_>
            <feature>
              <rects>
                <_>
                  10 18 2 3 -1.</_>
                <_>
                  10 18 1 3 2.</_></rects>
              <tilted>1</tilted></feature>
            <threshold>5.9752441302407533e-005</threshold>
            <left_val>-0.5829395055770874</left_val>
            <right_val>0.3262577056884766</right_val></_></_>
        <_>
          <_>
            <feature>
              <rects>
                <_>
                  0 7 24 16 -1.</_>
                <_>
                  12 7 12 8 2.</_>
                <_>
                  0 15 12 8 2.</_></rects>
              <tilted>0</tilted></feature>
            <threshold>-0.0651751533150673</threshold>
            <left_val>-0.8219820261001587</left_val>
            <right_val>0.2104708999395371</right_val></_></_>
        <_>
          <_>
            <feature>
              <rects>
                <_>
                  0 9 24 10 -1.</_>
                <_>
                  0 9 12 5 2.</_>
                <_>
                  12 14 12 5 2.</_></rects>
              <tilted>0</tilted></feature>
            <threshold>-0.0237228702753782</threshold>
            <left_val>-0.7483561038970947</left_val>
            <right_val>0.3013804852962494</right_val></_></_>
        <_>
          <_>
            <feature>
              <rects>
                <_>
                  16 3 4 4 -1.</_>
                <_>
                  15 4 4 2 2.</_></rects>
              <tilted>1</tilted></feature>
            <threshold>7.8525459393858910e-003</threshold>
            <left_val>-0.1905768960714340</left_val>
            <right_val>0.6496254205703735</right_val></_></_>
        <_>
          <_>
            <feature>
              <rects>
                <_>
                  10 0 6 8 -1.</_>
                <_>
                  12 2 2 8 3.</_></rects>
              <tilted>1</tilted></feature>
            <threshold>-0.0474032200872898</threshold>
            <left_val>0.7219687104225159</left_val>
            <right_val>-0.2701357007026672</right_val></_></_>
        <_>
          <_>
            <feature>
              <rects>
                <_>
                  11 17 2 7 -1.</_>
                <_>
                  11 17 1 7 2.</_></rects>
              <tilted>0</tilted></feature>
            <threshold>-9.6553249750286341e-004</threshold>
            <left_val>-0.8247125744819641</left_val>
            <right_val>0.3068825006484985</right_val></_></_>
        <_>
          <_>
            <feature>
              <rects>
                <_>
                  0 1 1 20 -1.</_>
                <_>
                  0 6 1 10 2.</_></rects>
              <tilted>0</tilted></feature>
            <threshold>-3.7182059604674578e-003</threshold>
            <left_val>-0.8222923874855042</left_val>
            <right_val>0.1243634000420570</right_val></_></_>
        <_>
          <_>
            <feature>
              <rects>
                <_>
                  3 0 20 16 -1.</_>
                <_>
                  13 0 10 8 2.</_>
                <_>
                  3 8 10 8 2.</_></rects>
              <tilted>0</tilted></feature>
            <threshold>0.1500415056943893</threshold>
            <left_val>0.0937640219926834</left_val>
            <right_val>-0.5755351781845093</right_val></_></_>
        <_>
          <_>
            <feature>
              <rects>
                <_>
                  6 21 7 3 -1.</_>
                <_>
                  6 22 7 1 3.</_></rects>
              <tilted>0</tilted></feature>
            <threshold>-6.4746821299195290e-003</threshold>
            <left_val>0.8022000193595886</left_val>
            <right_val>-0.2083858996629715</right_val></_></_></trees>
      <stage_threshold>-1.0250149965286255</stage_threshold>
      <parent>6</parent>
      <next>-1</next></_>
    <_>
      <trees>
        <_>
          <_>
            <feature>
              <rects>
                <_>
                  9 12 2 11 -1.</_>
                <_>
                  10 12 1 11 2.</_></rects>
              <tilted>0</tilted></feature>
            <threshold>1.2082299690518994e-005</threshold>
            <left_val>-0.4586468040943146</left_val>
            <right_val>0.3812502026557922</right_val></_></_>
        <_>
          <_>
            <feature>
              <rects>
                <_>
                  14 3 6 8 -1.</_>
                <_>
                  17 3 3 4 2.</_>
                <_>
                  14 7 3 4 2.</_></rects>
              <tilted>0</tilted></feature>
            <threshold>0.0145622901618481</threshold>
            <left_val>-0.2219322025775909</left_val>
            <right_val>0.3783851861953735</right_val></_></_>
        <_>
          <_>
            <feature>
              <rects>
                <_>
                  1 12 6 3 -1.</_>
                <_>
                  4 12 3 3 2.</_></rects>
              <tilted>0</tilted></feature>
            <threshold>0.0114754801616073</threshold>
            <left_val>-0.2466789036989212</left_val>
            <right_val>0.6041643023490906</right_val></_></_>
        <_>
          <_>
            <feature>
              <rects>
                <_>
                  2 1 20 8 -1.</_>
                <_>
                  7 1 10 8 2.</_></rects>
              <tilted>0</tilted></feature>
            <threshold>-0.2315468043088913</threshold>
            <left_val>0.9017673134803772</left_val>
            <right_val>-0.2310556024312973</right_val></_></_>
        <_>
          <_>
            <feature>
              <rects>
                <_>
                  1 20 3 1 -1.</_>
                <_>
                  2 21 1 1 3.</_></rects>
              <tilted>1</tilted></feature>
            <threshold>-4.0598979103378952e-004</threshold>
            <left_val>-0.7759792208671570</left_val>
            <right_val>0.2827793061733246</right_val></_></_>
        <_>
          <_>
            <feature>
              <rects>
                <_>
                  19 15 3 6 -1.</_>
                <_>
                  20 16 1 6 3.</_></rects>
              <tilted>1</tilted></feature>
            <threshold>2.0602000877261162e-003</threshold>
            <left_val>-0.2110771983861923</left_val>
            <right_val>0.4147379994392395</right_val></_></_>
        <_>
          <_>
            <feature>
              <rects>
                <_>
                  2 18 19 6 -1.</_>
                <_>
                  2 21 19 3 2.</_></rects>
              <tilted>0</tilted></feature>
            <threshold>0.0131650101393461</threshold>
            <left_val>-0.1988178044557571</left_val>
            <right_val>0.7424417734146118</right_val></_></_>
        <_>
          <_>
            <feature>
              <rects>
                <_>
                  13 7 9 16 -1.</_>
                <_>
                  13 11 9 8 2.</_></rects>
              <tilted>0</tilted></feature>
            <threshold>0.0356519296765327</threshold>
            <left_val>-0.3778795003890991</left_val>
            <right_val>0.2667923867702484</right_val></_></_>
        <_>
          <_>
            <feature>
              <rects>
                <_>
                  0 13 24 10 -1.</_>
                <_>
                  0 13 12 5 2.</_>
                <_>
                  12 18 12 5 2.</_></rects>
              <tilted>0</tilted></feature>
            <threshold>-0.0279494393616915</threshold>
            <left_val>-0.6454558968544006</left_val>
            <right_val>0.2353193014860153</right_val></_></_></trees>
      <stage_threshold>-1.0021790266036987</stage_threshold>
      <parent>7</parent>
      <next>-1</next></_>
    <_>
      <trees>
        <_>
          <_>
            <feature>
              <rects>
                <_>
                  5 4 8 6 -1.</_>
                <_>
                  5 7 8 3 2.</_></rects>
              <tilted>0</tilted></feature>
            <threshold>0.0144666703417897</threshold>
            <left_val>-0.5017548799514771</left_val>
            <right_val>0.4782618880271912</right_val></_></_>
        <_>
          <_>
            <feature>
              <rects>
                <_>
                  8 20 16 4 -1.</_>
                <_>
                  16 20 8 2 2.</_>
                <_>
                  8 22 8 2 2.</_></rects>
              <tilted>0</tilted></feature>
            <threshold>-0.0116870002821088</threshold>
            <left_val>0.6764441132545471</left_val>
            <right_val>-0.3296056985855103</right_val></_></_>
        <_>
          <_>
            <feature>
              <rects>
                <_>
                  5 0 12 4 -1.</_>
                <_>
                  5 1 12 2 2.</_></rects>
              <tilted>0</tilted></feature>
            <threshold>4.6208370476961136e-003</threshold>
            <left_val>-0.1996822059154511</left_val>
            <right_val>0.7188938856124878</right_val></_></_>
        <_>
          <_>
            <feature>
              <rects>
                <_>
                  18 9 2 8 -1.</_>
                <_>
                  18 11 2 4 2.</_></rects>
              <tilted>0</tilted></feature>
            <threshold>-1.5742080286145210e-003</threshold>
            <left_val>0.4295961856842041</left_val>
            <right_val>-0.1079820021986961</right_val></_></_>
        <_>
          <_>
            <feature>
              <rects>
                <_>
                  12 1 12 2 -1.</_>
                <_>
                  12 1 12 1 2.</_></rects>
              <tilted>1</tilted></feature>
            <threshold>-0.0148966899141669</threshold>
            <left_val>0.6351773738861084</left_val>
            <right_val>-0.3023245036602020</right_val></_></_>
        <_>
          <_>
            <feature>
              <rects>
                <_>
                  15 11 9 9 -1.</_>
                <_>
                  18 11 3 9 3.</_></rects>
              <tilted>0</tilted></feature>
            <threshold>-0.0294992793351412</threshold>
            <left_val>0.5133255124092102</left_val>
            <right_val>-0.1804977953433991</right_val></_></_>
        <_>
          <_>
            <feature>
              <rects>
                <_>
                  1 12 4 8 -1.</_>
                <_>
                  2 12 2 8 2.</_></rects>
              <tilted>0</tilted></feature>
            <threshold>-3.3771689049899578e-003</threshold>
            <left_val>0.7369232773780823</left_val>
            <right_val>-0.1975495070219040</right_val></_></_>
        <_>
          <_>
            <feature>
              <rects>
                <_>
                  22 8 2 3 -1.</_>
                <_>
                  22 8 1 3 2.</_></rects>
              <tilted>0</tilted></feature>
            <threshold>-1.2921160669066012e-004</threshold>
            <left_val>-0.3817710876464844</left_val>
            <right_val>0.1440899968147278</right_val></_></_>
        <_>
          <_>
            <feature>
              <rects>
                <_>
                  4 9 3 8 -1.</_>
                <_>
                  4 11 3 4 2.</_></rects>
              <tilted>0</tilted></feature>
            <threshold>-2.5080998893827200e-003</threshold>
            <left_val>0.7934932112693787</left_val>
            <right_val>-0.2068634033203125</right_val></_></_>
        <_>
          <_>
            <feature>
              <rects>
                <_>
                  22 8 2 3 -1.</_>
                <_>
                  22 8 1 3 2.</_></rects>
              <tilted>0</tilted></feature>
            <threshold>2.4649419356137514e-003</threshold>
            <left_val>0.0805697813630104</left_val>
            <right_val>-0.8441311717033386</right_val></_></_>
        <_>
          <_>
            <feature>
              <rects>
                <_>
                  0 8 2 3 -1.</_>
                <_>
                  1 8 1 3 2.</_></rects>
              <tilted>0</tilted></feature>
            <threshold>-1.2030429934384301e-004</threshold>
            <left_val>-0.7159650921821594</left_val>
            <right_val>0.2321553975343704</right_val></_></_></trees>
      <stage_threshold>-1.0892560482025146</stage_threshold>
      <parent>8</parent>
      <next>-1</next></_>
    <_>
      <trees>
        <_>
          <_>
            <feature>
              <rects>
                <_>
                  3 18 10 2 -1.</_>
                <_>
                  3 19 10 1 2.</_></rects>
              <tilted>0</tilted></feature>
            <threshold>-5.8097671717405319e-004</threshold>
            <left_val>0.3846139013767242</left_val>
            <right_val>-0.5327833890914917</right_val></_></_>
        <_>
          <_>
            <feature>
              <rects>
                <_>
                  7 1 12 6 -1.</_>
                <_>
                  7 3 12 2 3.</_></rects>
              <tilted>0</tilted></feature>
            <threshold>-0.0191814005374908</threshold>
            <left_val>0.5178124904632568</left_val>
            <right_val>-0.2522150874137878</right_val></_></_>
        <_>
          <_>
            <feature>
              <rects>
                <_>
                  0 15 24 6 -1.</_>
                <_>
                  0 15 12 3 2.</_>
                <_>
                  12 18 12 3 2.</_></rects>
              <tilted>0</tilted></feature>
            <threshold>0.0191568806767464</threshold>
            <left_val>0.1790381968021393</left_val>
            <right_val>-0.9193887114524841</right_val></_></_>
        <_>
          <_>
            <feature>
              <rects>
                <_>
                  18 6 6 12 -1.</_>
                <_>
                  21 6 3 6 2.</_>
                <_>
                  18 12 3 6 2.</_></rects>
              <tilted>0</tilted></feature>
            <threshold>0.0118230199441314</threshold>
            <left_val>-0.2643395066261292</left_val>
            <right_val>0.4385772049427033</right_val></_></_>
        <_>
          <_>
            <feature>
              <rects>
                <_>
                  5 4 1 3 -1.</_>
                <_>
                  4 5 1 1 3.</_></rects>
              <tilted>1</tilted></feature>
            <threshold>-2.8954070876352489e-004</threshold>
            <left_val>-0.7121418714523315</left_val>
            <right_val>0.1960188001394272</right_val></_></_>
        <_>
          <_>
            <feature>
              <rects>
                <_>
                  18 1 6 3 -1.</_>
                <_>
                  20 2 2 1 9.</_></rects>
              <tilted>0</tilted></feature>
            <threshold>-2.5860890746116638e-003</threshold>
            <left_val>-0.6894382238388062</left_val>
            <right_val>0.1231686025857925</right_val></_></_>
        <_>
          <_>
            <feature>
              <rects>
                <_>
                  0 18 24 3 -1.</_>
                <_>
                  12 18 12 3 2.</_></rects>
              <tilted>0</tilted></feature>
            <threshold>-0.0656483620405197</threshold>
            <left_val>-0.9487953186035156</left_val>
            <right_val>0.1562234014272690</right_val></_></_>
        <_>
          <_>
            <feature>
              <rects>
                <_>
                  18 1 6 3 -1.</_>
                <_>
                  20 2 2 1 9.</_></rects>
              <tilted>0</tilted></feature>
            <threshold>1.3890729751437902e-003</threshold>
            <left_val>0.2354492992162705</left_val>
            <right_val>-0.5903868079185486</right_val></_></_>
        <_>
          <_>
            <feature>
              <rects>
                <_>
                  4 15 3 3 -1.</_>
                <_>
                  4 16 3 1 3.</_></rects>
              <tilted>0</tilted></feature>
            <threshold>4.6259621740318835e-005</threshold>
            <left_val>-0.4149053096771240</left_val>
            <right_val>0.3269012868404388</right_val></_></_></trees>
      <stage_threshold>-0.9217287898063660</stage_threshold>
      <parent>9</parent>
      <next>-1</next></_>
    <_>
      <trees>
        <_>
          <_>
            <feature>
              <rects>
                <_>
                  2 18 8 6 -1.</_>
                <_>
                  2 18 4 3 2.</_>
                <_>
                  6 21 4 3 2.</_></rects>
              <tilted>0</tilted></feature>
            <threshold>-0.0122573496773839</threshold>
            <left_val>0.6022735834121704</left_val>
            <right_val>-0.2623785138130188</right_val></_></_>
        <_>
          <_>
            <feature>
              <rects>
                <_>
                  19 5 3 2 -1.</_>
                <_>
                  20 5 1 2 3.</_></rects>
              <tilted>0</tilted></feature>
            <threshold>-8.5756502812728286e-004</threshold>
            <left_val>-0.6765320897102356</left_val>
            <right_val>0.1044208034873009</right_val></_></_>
        <_>
          <_>
            <feature>
              <rects>
                <_>
                  0 18 24 6 -1.</_>
                <_>
                  12 18 12 6 2.</_></rects>
              <tilted>0</tilted></feature>
            <threshold>0.0629319995641708</threshold>
            <left_val>0.1799647063016892</left_val>
            <right_val>-0.9101613163948059</right_val></_></_>
        <_>
          <_>
            <feature>
              <rects>
                <_>
                  21 1 3 9 -1.</_>
                <_>
                  22 4 1 3 9.</_></rects>
              <tilted>0</tilted></feature>
            <threshold>-1.2213729496579617e-004</threshold>
            <left_val>-0.2786949872970581</left_val>
            <right_val>0.1562155038118362</right_val></_></_>
        <_>
          <_>
            <feature>
              <rects>
                <_>
                  0 0 22 12 -1.</_>
                <_>
                  0 0 11 6 2.</_>
                <_>
                  11 6 11 6 2.</_></rects>
              <tilted>0</tilted></feature>
            <threshold>-0.0308180004358292</threshold>
            <left_val>-0.7201790213584900</left_val>
            <right_val>0.1616328060626984</right_val></_></_>
        <_>
          <_>
            <feature>
              <rects>
                <_>
                  19 23 4 1 -1.</_>
                <_>
                  20 23 2 1 2.</_></rects>
              <tilted>0</tilted></feature>
            <threshold>1.9998679636046290e-004</threshold>
            <left_val>0.1245314031839371</left_val>
            <right_val>-0.7273102998733521</right_val></_></_>
        <_>
          <_>
            <feature>
              <rects>
                <_>
                  4 20 13 2 -1.</_>
                <_>
                  4 21 13 1 2.</_></rects>
              <tilted>0</tilted></feature>
            <threshold>-1.4653509715572000e-003</threshold>
            <left_val>0.3007454872131348</left_val>
            <right_val>-0.4543183147907257</right_val></_></_>
        <_>
          <_>
            <feature>
              <rects>
                <_>
                  17 16 3 4 -1.</_>
                <_>
                  16 17 3 2 2.</_></rects>
              <tilted>1</tilted></feature>
            <threshold>5.6832348927855492e-003</threshold>
            <left_val>0.0878069773316383</left_val>
            <right_val>-0.8983973264694214</right_val></_></_>
        <_>
          <_>
            <feature>
              <rects>
                <_>
                  1 7 3 1 -1.</_>
                <_>
                  2 7 1 1 3.</_></rects>
              <tilted>0</tilted></feature>
            <threshold>-9.3672322691418231e-005</threshold>
            <left_val>-0.6427298784255981</left_val>
            <right_val>0.2662478983402252</right_val></_></_>
        <_>
          <_>
            <feature>
              <rects>
                <_>
                  18 23 4 1 -1.</_>
                <_>
                  19 23 2 1 2.</_></rects>
              <tilted>0</tilted></feature>
            <threshold>-1.0890830162679777e-004</threshold>
            <left_val>-0.5201392173767090</left_val>
            <right_val>0.0927335768938065</right_val></_></_></trees>
      <stage_threshold>-0.9838094115257263</stage_threshold>
      <parent>10</parent>
      <next>-1</next></_>
    <_>
      <trees>
        <_>
          <_>
            <feature>
              <rects>
                <_>
                  0 12 6 7 -1.</_>
                <_>
                  2 12 2 7 3.</_></rects>
              <tilted>0</tilted></feature>
            <threshold>-8.1862583756446838e-003</threshold>
            <left_val>0.5242710709571838</left_val>
            <right_val>-0.2903245985507965</right_val></_></_>
        <_>
          <_>
            <feature>
              <rects>
                <_>
                  20 23 3 1 -1.</_>
                <_>
                  21 23 1 1 3.</_></rects>
              <tilted>0</tilted></feature>
            <threshold>-7.3752176831476390e-005</threshold>
            <left_val>-0.5189691781997681</left_val>
            <right_val>0.2119144946336746</right_val></_></_>
        <_>
          <_>
            <feature>
              <rects>
                <_>
                  11 3 2 11 -1.</_>
                <_>
                  11 3 1 11 2.</_></rects>
              <tilted>1</tilted></feature>
            <threshold>-0.0188806895166636</threshold>
            <left_val>0.6459149718284607</left_val>
            <right_val>-0.2157952040433884</right_val></_></_>
        <_>
          <_>
            <feature>
              <rects>
                <_>
                  18 5 4 12 -1.</_>
                <_>
                  20 5 2 6 2.</_>
                <_>
                  18 11 2 6 2.</_></rects>
              <tilted>0</tilted></feature>
            <threshold>-6.8288319744169712e-003</threshold>
            <left_val>0.5298652052879334</left_val>
            <right_val>-0.1143084987998009</right_val></_></_>
        <_>
          <_>
            <feature>
              <rects>
                <_>
                  2 2 3 5 -1.</_>
                <_>
                  3 2 1 5 3.</_></rects>
              <tilted>0</tilted></feature>
            <threshold>4.0339739643968642e-004</threshold>
            <left_val>0.2125380039215088</left_val>
            <right_val>-0.6347017288208008</right_val></_></_>
        <_>
          <_>
            <feature>
              <rects>
                <_>
                  13 0 11 3 -1.</_>
                <_>
                  12 1 11 1 3.</_></rects>
              <tilted>1</tilted></feature>
            <threshold>-0.0112827904522419</threshold>
            <left_val>0.4019300937652588</left_val>
            <right_val>-0.1617729961872101</right_val></_></_>
        <_>
          <_>
            <feature>
              <rects>
                <_>
                  11 9 10 4 -1.</_>
                <_>
                  10 10 10 2 2.</_></rects>
              <tilted>1</tilted></feature>
            <threshold>8.7052251910790801e-004</threshold>
            <left_val>-0.5472444891929627</left_val>
            <right_val>0.2806085050106049</right_val></_></_>
        <_>
          <_>
            <feature>
              <rects>
                <_>
                  14 2 9 3 -1.</_>
                <_>
                  13 3 9 1 3.</_></rects>
              <tilted>1</tilted></feature>
            <threshold>0.0102279400452971</threshold>
            <left_val>-0.0973755568265915</left_val>
            <right_val>0.6139137148857117</right_val></_></_>
        <_>
          <_>
            <feature>
              <rects>
                <_>
                  7 3 4 7 -1.</_>
                <_>
                  8 4 2 7 2.</_></rects>
              <tilted>1</tilted></feature>
            <threshold>4.4346749782562256e-003</threshold>
            <left_val>-0.2272716015577316</left_val>
            <right_val>0.6202780008316040</right_val></_></_>
        <_>
          <_>
            <feature>
              <rects>
                <_>
                  10 16 12 4 -1.</_>
                <_>
                  16 16 6 2 2.</_>
                <_>
                  10 18 6 2 2.</_></rects>
              <tilted>0</tilted></feature>
            <threshold>7.4307172326371074e-004</threshold>
            <left_val>-0.2443031072616577</left_val>
            <right_val>0.3189952075481415</right_val></_></_>
        <_>
          <_>
            <feature>
              <rects>
                <_>
                  2 2 2 1 -1.</_>
                <_>
                  3 2 1 1 2.</_></rects>
              <tilted>0</tilted></feature>
            <threshold>-1.2662289373110980e-004</threshold>
            <left_val>-0.7557908892631531</left_val>
            <right_val>0.1836771965026856</right_val></_></_>
        <_>
          <_>
            <feature>
              <rects>
                <_>
                  12 1 3 12 -1.</_>
                <_>
                  13 2 1 12 3.</_></rects>
              <tilted>1</tilted></feature>
            <threshold>-0.0195354390889406</threshold>
            <left_val>0.4235020875930786</left_val>
            <right_val>-0.1419512927532196</right_val></_></_>
        <_>
          <_>
            <feature>
              <rects>
                <_>
                  4 17 4 3 -1.</_>
                <_>
                  4 17 2 3 2.</_></rects>
              <tilted>1</tilted></feature>
            <threshold>-9.0665323659777641e-003</threshold>
            <left_val>-0.9478514790534973</left_val>
            <right_val>0.1729457974433899</right_val></_></_></trees>
      <stage_threshold>-0.8825405836105347</stage_threshold>
      <parent>11</parent>
      <next>-1</next></_>
    <_>
      <trees>
        <_>
          <_>
            <feature>
              <rects>
                <_>
                  1 16 4 6 -1.</_>
                <_>
                  1 16 2 3 2.</_>
                <_>
                  3 19 2 3 2.</_></rects>
              <tilted>0</tilted></feature>
            <threshold>-4.1716177947819233e-003</threshold>
            <left_val>0.6375846266746521</left_val>
            <right_val>-0.2224830985069275</right_val></_></_>
        <_>
          <_>
            <feature>
              <rects>
                <_>
                  23 2 1 21 -1.</_>
                <_>
                  23 9 1 7 3.</_></rects>
              <tilted>0</tilted></feature>
            <threshold>0.0118963196873665</threshold>
            <left_val>0.2380872070789337</left_val>
            <right_val>-0.7371450066566467</right_val></_></_>
        <_>
          <_>
            <feature>
              <rects>
                <_>
                  0 8 24 12 -1.</_>
                <_>
                  0 8 12 6 2.</_>
                <_>
                  12 14 12 6 2.</_></rects>
              <tilted>0</tilted></feature>
            <threshold>0.0406542718410492</threshold>
            <left_val>0.1612436026334763</left_val>
            <right_val>-0.7320889830589294</right_val></_></_>
        <_>
          <_>
            <feature>
              <rects>
                <_>
                  11 10 8 11 -1.</_>
                <_>
                  13 10 4 11 2.</_></rects>
              <tilted>0</tilted></feature>
            <threshold>7.2690902743488550e-004</threshold>
            <left_val>-0.4609371125698090</left_val>
            <right_val>0.2411855012178421</right_val></_></_>
        <_>
          <_>
            <feature>
              <rects>
                <_>
                  0 8 24 6 -1.</_>
                <_>
                  12 8 12 6 2.</_></rects>
              <tilted>0</tilted></feature>
            <threshold>0.0586692988872528</threshold>
            <left_val>0.1984093934297562</left_val>
            <right_val>-0.6906852126121521</right_val></_></_>
        <_>
          <_>
            <feature>
              <rects>
                <_>
                  16 16 6 2 -1.</_>
                <_>
                  16 16 6 1 2.</_></rects>
              <tilted>1</tilted></feature>
            <threshold>-3.3226369414478540e-003</threshold>
            <left_val>-0.6696261763572693</left_val>
            <right_val>0.0747631862759590</right_val></_></_>
        <_>
          <_>
            <feature>
              <rects>
                <_>
                  8 16 2 6 -1.</_>
                <_>
                  8 16 1 6 2.</_></rects>
              <tilted>1</tilted></feature>
            <threshold>4.7905300743877888e-003</threshold>
            <left_val>0.1766292005777359</left_val>
            <right_val>-0.8389543294906616</right_val></_></_>
        <_>
          <_>
            <feature>
              <rects>
                <_>
                  19 11 4 6 -1.</_>
                <_>
                  20 11 2 6 2.</_></rects>
              <tilted>0</tilted></feature>
            <threshold>-2.7112280949950218e-003</threshold>
            <left_val>0.3671405911445618</left_val>
            <right_val>-0.1680064052343369</right_val></_></_>
        <_>
          <_>
            <feature>
              <rects>
                <_>
                  0 16 6 3 -1.</_>
                <_>
                  2 16 2 3 3.</_></rects>
              <tilted>0</tilted></feature>
            <threshold>3.2413329463452101e-003</threshold>
            <left_val>-0.1955889016389847</left_val>
            <right_val>0.7063118815422058</right_val></_></_>
        <_>
          <_>
            <feature>
              <rects>
                <_>
                  16 17 6 1 -1.</_>
                <_>
                  18 19 2 1 3.</_></rects>
              <tilted>1</tilted></feature>
            <threshold>-2.1805830765515566e-003</threshold>
            <left_val>0.2943157851696014</left_val>
            <right_val>-0.2041371017694473</right_val></_></_>
        <_>
          <_>
            <feature>
              <rects>
                <_>
                  2 23 3 1 -1.</_>
                <_>
                  3 23 1 1 3.</_></rects>
              <tilted>0</tilted></feature>
            <threshold>-1.3870419934391975e-004</threshold>
            <left_val>-0.7490875124931335</left_val>
            <right_val>0.2042127996683121</right_val></_></_>
        <_>
          <_>
            <feature>
              <rects>
                <_>
                  12 4 5 3 -1.</_>
                <_>
                  11 5 5 1 3.</_></rects>
              <tilted>1</tilted></feature>
            <threshold>2.7619360480457544e-004</threshold>
            <left_val>-0.2952671051025391</left_val>
            <right_val>0.1367129981517792</right_val></_></_></trees>
      <stage_threshold>-1.0877259969711304</stage_threshold>
      <parent>12</parent>
      <next>-1</next></_>
    <_>
      <trees>
        <_>
          <_>
            <feature>
              <rects>
                <_>
                  5 11 2 11 -1.</_>
                <_>
                  6 11 1 11 2.</_></rects>
              <tilted>0</tilted></feature>
            <threshold>8.5574178956449032e-004</threshold>
            <left_val>-0.4955759048461914</left_val>
            <right_val>0.3218353986740112</right_val></_></_>
        <_>
          <_>
            <feature>
              <rects>
                <_>
                  0 1 24 8 -1.</_>
                <_>
                  8 1 8 8 3.</_></rects>
              <tilted>0</tilted></feature>
            <threshold>-0.4614613950252533</threshold>
            <left_val>0.9807202816009522</left_val>
            <right_val>-0.1457708030939102</right_val></_></_>
        <_>
          <_>
            <feature>
              <rects>
                <_>
                  0 8 6 6 -1.</_>
                <_>
                  0 8 3 3 2.</_>
                <_>
                  3 11 3 3 2.</_></rects>
              <tilted>0</tilted></feature>
            <threshold>5.7458220981061459e-003</threshold>
            <left_val>-0.2451166063547134</left_val>
            <right_val>0.6239519715309143</right_val></_></_>
        <_>
          <_>
            <feature>
              <rects>
                <_>
                  9 0 6 6 -1.</_>
                <_>
                  9 2 6 2 3.</_></rects>
              <tilted>0</tilted></feature>
            <threshold>0.0116174202412367</threshold>
            <left_val>-0.1573424935340881</left_val>
            <right_val>0.7904289960861206</right_val></_></_>
        <_>
          <_>
            <feature>
              <rects>
                <_>
                  9 16 2 7 -1.</_>
                <_>
                  10 16 1 7 2.</_></rects>
              <tilted>0</tilted></feature>
            <threshold>1.0455220035510138e-004</threshold>
            <left_val>-0.3602614104747772</left_val>
            <right_val>0.3625073134899139</right_val></_></_>
        <_>
          <_>
            <feature>
              <rects>
                <_>
                  15 1 2 8 -1.</_>
                <_>
                  15 1 1 8 2.</_></rects>
              <tilted>0</tilted></feature>
            <threshold>-5.9656058438122272e-003</threshold>
            <left_val>0.5586394071578980</left_val>
            <right_val>-0.1249786987900734</right_val></_></_>
        <_>
          <_>
            <feature>
              <rects>
                <_>
                  6 17 4 3 -1.</_>
                <_>
                  5 18 4 1 3.</_></rects>
              <tilted>1</tilted></feature>
            <threshold>5.4066879674792290e-003</threshold>
            <left_val>-0.1542796939611435</left_val>
            <right_val>0.8165634870529175</right_val></_></_>
        <_>
          <_>
            <feature>
              <rects>
                <_>
                  15 20 6 2 -1.</_>
                <_>
                  18 20 3 1 2.</_>
                <_>
                  15 21 3 1 2.</_></rects>
              <tilted>0</tilted></feature>
            <threshold>-5.9019698528572917e-004</threshold>
            <left_val>0.4743050038814545</left_val>
            <right_val>-0.2206785976886749</right_val></_></_>
        <_>
          <_>
            <feature>
              <rects>
                <_>
                  3 1 1 18 -1.</_>
                <_>
                  3 7 1 6 3.</_></rects>
              <tilted>0</tilted></feature>
            <threshold>1.0004159994423389e-003</threshold>
            <left_val>-0.4498131871223450</left_val>
            <right_val>0.3275992870330811</right_val></_></_>
        <_>
          <_>
            <feature>
              <rects>
                <_>
                  21 6 3 6 -1.</_>
                <_>
                  22 8 1 2 9.</_></rects>
              <tilted>0</tilted></feature>
            <threshold>3.0883019790053368e-003</threshold>
            <left_val>0.0969862565398216</left_val>
            <right_val>-0.5422356724739075</right_val></_></_></trees>
      <stage_threshold>-0.7566499114036560</stage_threshold>
      <parent>13</parent>
      <next>-1</next></_>
    <_>
      <trees>
        <_>
          <_>
            <feature>
              <rects>
                <_>
                  9 20 3 4 -1.</_>
                <_>
                  10 20 1 4 3.</_></rects>
              <tilted>0</tilted></feature>
            <threshold>8.8076747488230467e-004</threshold>
            <left_val>0.1522625982761383</left_val>
            <right_val>-0.8604586124420166</right_val></_></_>
        <_>
          <_>
            <feature>
              <rects>
                <_>
                  23 2 1 21 -1.</_>
                <_>
                  23 9 1 7 3.</_></rects>
              <tilted>0</tilted></feature>
            <threshold>0.0118913697078824</threshold>
            <left_val>0.0557138212025166</left_val>
            <right_val>-0.5925601720809937</right_val></_></_>
        <_>
          <_>
            <feature>
              <rects>
                <_>
                  3 2 6 10 -1.</_>
                <_>
                  3 2 3 5 2.</_>
                <_>
                  6 7 3 5 2.</_></rects>
              <tilted>0</tilted></feature>
            <threshold>0.0156784690916538</threshold>
            <left_val>-0.2810592055320740</left_val>
            <right_val>0.4203301966190338</right_val></_></_>
        <_>
          <_>
            <feature>
              <rects>
                <_>
                  4 10 16 12 -1.</_>
                <_>
                  12 10 8 6 2.</_>
                <_>
                  4 16 8 6 2.</_></rects>
              <tilted>0</tilted></feature>
            <threshold>-0.0211727190762758</threshold>
            <left_val>-0.6486259102821350</left_val>
            <right_val>0.2217732071876526</right_val></_></_>
        <_>
          <_>
            <feature>
              <rects>
                <_>
                  0 22 2 1 -1.</_>
                <_>
                  1 22 1 1 2.</_></rects>
              <tilted>0</tilted></feature>
            <threshold>-4.8418140067951754e-005</threshold>
            <left_val>-0.6402093172073364</left_val>
            <right_val>0.1511061042547226</right_val></_></_>
        <_>
          <_>
            <feature>
              <rects>
                <_>
                  22 20 2 2 -1.</_>
                <_>
                  22 20 2 1 2.</_></rects>
              <tilted>1</tilted></feature>
            <threshold>9.8245718982070684e-004</threshold>
            <left_val>0.1027783975005150</left_val>
            <right_val>-0.5474494099617004</right_val></_></_>
        <_>
          <_>
            <feature>
              <rects>
                <_>
                  0 9 22 15 -1.</_>
                <_>
                  0 14 22 5 3.</_></rects>
              <tilted>0</tilted></feature>
            <threshold>0.2157056927680969</threshold>
            <left_val>-0.2474955022335053</left_val>
            <right_val>0.5663759112358093</right_val></_></_>
        <_>
          <_>
            <feature>
              <rects>
                <_>
                  17 12 2 12 -1.</_>
                <_>
                  17 15 2 6 2.</_></rects>
              <tilted>0</tilted></feature>
            <threshold>-5.5798022076487541e-003</threshold>
            <left_val>0.5054765939712524</left_val>
            <right_val>-0.1996158957481384</right_val></_></_>
        <_>
          <_>
            <feature>
              <rects>
                <_>
                  4 12 16 8 -1.</_>
                <_>
                  4 12 8 4 2.</_>
                <_>
                  12 16 8 4 2.</_></rects>
              <tilted>0</tilted></feature>
            <threshold>-0.0146683603525162</threshold>
            <left_val>-0.7058892250061035</left_val>
            <right_val>0.2740167081356049</right_val></_></_>
        <_>
          <_>
            <feature>
              <rects>
                <_>
                  19 8 4 3 -1.</_>
                <_>
                  18 9 4 1 3.</_></rects>
              <tilted>1</tilted></feature>
            <threshold>-6.0082818381488323e-003</threshold>
            <left_val>0.4147857129573822</left_val>
            <right_val>-0.2167814970016480</right_val></_></_>
        <_>
          <_>
            <feature>
              <rects>
                <_>
                  5 8 3 3 -1.</_>
                <_>
                  6 9 1 3 3.</_></rects>
              <tilted>1</tilted></feature>
            <threshold>2.3046128917485476e-003</threshold>
            <left_val>-0.2366441935300827</left_val>
            <right_val>0.6122267842292786</right_val></_></_></trees>
      <stage_threshold>-1.0382540225982666</stage_threshold>
      <parent>14</parent>
      <next>-1</next></_>
    <_>
      <trees>
        <_>
          <_>
            <feature>
              <rects>
                <_>
                  0 5 10 4 -1.</_>
                <_>
                  0 5 5 2 2.</_>
                <_>
                  5 7 5 2 2.</_></rects>
              <tilted>0</tilted></feature>
            <threshold>3.9650448597967625e-003</threshold>
            <left_val>-0.3247598111629486</left_val>
            <right_val>0.3899579048156738</right_val></_></_>
        <_>
          <_>
            <feature>
              <rects>
                <_>
                  23 20 1 2 -1.</_>
                <_>
                  23 20 1 1 2.</_></rects>
              <tilted>1</tilted></feature>
            <threshold>6.1744928825646639e-004</threshold>
            <left_val>0.1050288975238800</left_val>
            <right_val>-0.7780265212059021</right_val></_></_>
        <_>
          <_>
            <feature>
              <rects>
                <_>
                  5 18 6 4 -1.</_>
                <_>
                  5 18 3 2 2.</_>
                <_>
                  8 20 3 2 2.</_></rects>
              <tilted>0</tilted></feature>
            <threshold>8.5799791850149632e-004</threshold>
            <left_val>-0.2571358978748322</left_val>
            <right_val>0.5599911212921143</right_val></_></_>
        <_>
          <_>
            <feature>
              <rects>
                <_>
                  23 20 1 4 -1.</_>
                <_>
                  23 22 1 2 2.</_></rects>
              <tilted>0</tilted></feature>
            <threshold>2.6486170827411115e-004</threshold>
            <left_val>0.1507184952497482</left_val>
            <right_val>-0.7518256902694702</right_val></_></_>
        <_>
          <_>
            <feature>
              <rects>
                <_>
                  5 14 4 5 -1.</_>
                <_>
                  5 14 2 5 2.</_></rects>
              <tilted>1</tilted></feature>
            <threshold>-0.0196499507874250</threshold>
            <left_val>-0.8676933050155640</left_val>
            <right_val>0.1535439044237137</right_val></_></_>
        <_>
          <_>
            <feature>
              <rects>
                <_>
                  13 0 8 18 -1.</_>
                <_>
                  17 0 4 9 2.</_>
                <_>
                  13 9 4 9 2.</_></rects>
              <tilted>0</tilted></feature>
            <threshold>0.1213810965418816</threshold>
            <left_val>-0.1657952964305878</left_val>
            <right_val>0.5772138237953186</right_val></_></_>
        <_>
          <_>
            <feature>
              <rects>
                <_>
                  0 1 1 21 -1.</_>
                <_>
                  0 8 1 7 3.</_></rects>
              <tilted>0</tilted></feature>
            <threshold>0.0189365297555923</threshold>
            <left_val>0.1490755975246429</left_val>
            <right_val>-0.9695214033126831</right_val></_></_>
        <_>
          <_>
            <feature>
              <rects>
                <_>
                  9 21 10 2 -1.</_>
                <_>
                  14 21 5 1 2.</_>
                <_>
                  9 22 5 1 2.</_></rects>
              <tilted>0</tilted></feature>
            <threshold>2.5208890438079834e-003</threshold>
            <left_val>-0.1421096026897430</left_val>
            <right_val>0.6175017952919006</right_val></_></_></trees>
      <stage_threshold>-0.5355437994003296</stage_threshold>
      <parent>15</parent>
      <next>-1</next></_>
    <_>
      <trees>
        <_>
          <_>
            <feature>
              <rects>
                <_>
                  0 15 6 9 -1.</_>
                <_>
                  2 15 2 9 3.</_></rects>
              <tilted>0</tilted></feature>
            <threshold>-4.6981368213891983e-003</threshold>
            <left_val>0.4361226856708527</left_val>
            <right_val>-0.2903249859809876</right_val></_></_>
        <_>
          <_>
            <feature>
              <rects>
                <_>
                  19 14 2 8 -1.</_>
                <_>
                  20 14 1 4 2.</_>
                <_>
                  19 18 1 4 2.</_></rects>
              <tilted>0</tilted></feature>
            <threshold>-1.6226449515670538e-003</threshold>
            <left_val>0.4424056112766266</left_val>
            <right_val>-0.1599422991275787</right_val></_></_>
        <_>
          <_>
            <feature>
              <rects>
                <_>
                  3 14 2 8 -1.</_>
                <_>
                  3 14 1 4 2.</_>
                <_>
                  4 18 1 4 2.</_></rects>
              <tilted>0</tilted></feature>
            <threshold>1.2331970501691103e-003</threshold>
            <left_val>-0.1770863980054855</left_val>
            <right_val>0.8137432932853699</right_val></_></_>
        <_>
          <_>
            <feature>
              <rects>
                <_>
                  14 23 8 1 -1.</_>
                <_>
                  16 23 4 1 2.</_></rects>
              <tilted>0</tilted></feature>
            <threshold>-6.0023192781955004e-004</threshold>
            <left_val>-0.3858805894851685</left_val>
            <right_val>0.1090067997574806</right_val></_></_>
        <_>
          <_>
            <feature>
              <rects>
                <_>
                  8 18 8 6 -1.</_>
                <_>
                  10 18 4 6 2.</_></rects>
              <tilted>0</tilted></feature>
            <threshold>1.7308880342170596e-003</threshold>
            <left_val>-0.3558301031589508</left_val>
            <right_val>0.3649162948131561</right_val></_></_>
        <_>
          <_>
            <feature>
              <rects>
                <_>
                  2 0 20 9 -1.</_>
                <_>
                  7 0 10 9 2.</_></rects>
              <tilted>0</tilted></feature>
            <threshold>-0.2771772146224976</threshold>
            <left_val>0.8048331737518311</left_val>
            <right_val>-0.2170069962739945</right_val></_></_>
        <_>
          <_>
            <feature>
              <rects>
                <_>
                  0 2 2 4 -1.</_>
                <_>
                  0 2 1 2 2.</_>
                <_>
                  1 4 1 2 2.</_></rects>
              <tilted>0</tilted></feature>
            <threshold>-1.8647380056791008e-004</threshold>
            <left_val>-0.6357870101928711</left_val>
            <right_val>0.2133979946374893</right_val></_></_>
        <_>
          <_>
            <feature>
              <rects>
                <_>
                  14 2 6 14 -1.</_>
                <_>
                  17 2 3 7 2.</_>
                <_>
                  14 9 3 7 2.</_></rects>
              <tilted>0</tilted></feature>
            <threshold>-0.0129746701568365</threshold>
            <left_val>0.6021820902824402</left_val>
            <right_val>-0.1636034995317459</right_val></_></_>
        <_>
          <_>
            <feature>
              <rects>
                <_>
                  0 18 17 2 -1.</_>
                <_>
                  0 19 17 1 2.</_></rects>
              <tilted>0</tilted></feature>
            <threshold>-1.5788460150361061e-003</threshold>
            <left_val>0.2662155032157898</left_val>
            <right_val>-0.4268580079078674</right_val></_></_>
        <_>
          <_>
            <feature>
              <rects>
                <_>
                  16 4 3 3 -1.</_>
                <_>
                  15 5 3 1 3.</_></rects>
              <tilted>1</tilted></feature>
            <threshold>-3.4215869382023811e-003</threshold>
            <left_val>0.4309042096138001</left_val>
            <right_val>-0.2077036052942276</right_val></_></_>
        <_>
          <_>
            <feature>
              <rects>
                <_>
                  8 3 3 3 -1.</_>
                <_>
                  9 4 1 3 3.</_></rects>
              <tilted>1</tilted></feature>
            <threshold>-4.0121288038790226e-003</threshold>
            <left_val>0.5877277851104736</left_val>
            <right_val>-0.1880168020725250</right_val></_></_></trees>
      <stage_threshold>-0.9155679941177368</stage_threshold>
      <parent>16</parent>
      <next>-1</next></_>
    <_>
      <trees>
        <_>
          <_>
            <feature>
              <rects>
                <_>
                  2 21 14 2 -1.</_>
                <_>
                  2 21 7 1 2.</_>
                <_>
                  9 22 7 1 2.</_></rects>
              <tilted>0</tilted></feature>
            <threshold>-4.2418409138917923e-003</threshold>
            <left_val>0.5769234895706177</left_val>
            <right_val>-0.2195114940404892</right_val></_></_>
        <_>
          <_>
            <feature>
              <rects>
                <_>
                  13 18 3 2 -1.</_>
                <_>
                  14 18 1 2 3.</_></rects>
              <tilted>0</tilted></feature>
            <threshold>-1.9080929632764310e-004</threshold>
            <left_val>-0.6814985871315002</left_val>
            <right_val>0.1899698972702026</right_val></_></_>
        <_>
          <_>
            <feature>
              <rects>
                <_>
                  2 17 4 2 -1.</_>
                <_>
                  2 17 2 2 2.</_></rects>
              <tilted>1</tilted></feature>
            <threshold>4.8414571210741997e-003</threshold>
            <left_val>0.1139608994126320</left_val>
            <right_val>-0.8008490204811096</right_val></_></_>
        <_>
          <_>
            <feature>
              <rects>
                <_>
                  9 14 6 10 -1.</_>
                <_>
                  12 14 3 5 2.</_>
                <_>
                  9 19 3 5 2.</_></rects>
              <tilted>0</tilted></feature>
            <threshold>6.9283298216760159e-003</threshold>
            <left_val>0.1200145035982132</left_val>
            <right_val>-0.7721390128135681</right_val></_></_>
        <_>
          <_>
            <feature>
              <rects>
                <_>
                  1 21 12 2 -1.</_>
                <_>
                  1 21 6 1 2.</_>
                <_>
                  7 22 6 1 2.</_></rects>
              <tilted>0</tilted></feature>
            <threshold>3.2357200980186462e-003</threshold>
            <left_val>-0.1390981972217560</left_val>
            <right_val>0.8921588063240051</right_val></_></_>
        <_>
          <_>
            <feature>
              <rects>
                <_>
                  11 19 2 4 -1.</_>
                <_>
                  11 20 2 2 2.</_></rects>
              <tilted>0</tilted></feature>
            <threshold>2.5174199254252017e-004</threshold>
            <left_val>-0.3464739024639130</left_val>
            <right_val>0.4347425103187561</right_val></_></_>
        <_>
          <_>
            <feature>
              <rects>
                <_>
                  3 7 1 3 -1.</_>
                <_>
                  2 8 1 1 3.</_></rects>
              <tilted>1</tilted></feature>
            <threshold>-2.3058480292093009e-004</threshold>
            <left_val>-0.6343355178833008</left_val>
            <right_val>0.2115951031446457</right_val></_></_>
        <_>
          <_>
            <feature>
              <rects>
                <_>
                  14 1 4 6 -1.</_>
                <_>
                  16 1 2 3 2.</_>
                <_>
                  14 4 2 3 2.</_></rects>
              <tilted>0</tilted></feature>
            <threshold>3.8859299384057522e-003</threshold>
            <left_val>-0.1564321964979172</left_val>
            <right_val>0.2741740942001343</right_val></_></_>
        <_>
          <_>
            <feature>
              <rects>
                <_>
                  4 13 2 9 -1.</_>
                <_>
                  5 13 1 9 2.</_></rects>
              <tilted>0</tilted></feature>
            <threshold>1.3656680239364505e-003</threshold>
            <left_val>-0.3868074119091034</left_val>
            <right_val>0.2979904115200043</right_val></_></_>
        <_>
          <_>
            <feature>
              <rects>
                <_>
                  10 21 14 1 -1.</_>
                <_>
                  10 21 7 1 2.</_></rects>
              <tilted>0</tilted></feature>
            <threshold>-3.2324029598385096e-003</threshold>
            <left_val>0.3898603916168213</left_val>
            <right_val>-0.1310946047306061</right_val></_></_>
        <_>
          <_>
            <feature>
              <rects>
                <_>
                  0 15 22 4 -1.</_>
                <_>
                  0 15 11 2 2.</_>
                <_>
                  11 17 11 2 2.</_></rects>
              <tilted>0</tilted></feature>
            <threshold>7.8337313607335091e-003</threshold>
            <left_val>0.1835191994905472</left_val>
            <right_val>-0.8931096792221069</right_val></_></_></trees>
      <stage_threshold>-0.7903702259063721</stage_threshold>
      <parent>17</parent>
      <next>-1</next></_>
    <_>
      <trees>
        <_>
          <_>
            <feature>
              <rects>
                <_>
                  4 14 12 8 -1.</_>
                <_>
                  8 14 4 8 3.</_></rects>
              <tilted>0</tilted></feature>
            <threshold>0.0677804127335548</threshold>
            <left_val>0.1089105010032654</left_val>
            <right_val>-0.9321990013122559</right_val></_></_>
        <_>
          <_>
            <feature>
              <rects>
                <_>
                  13 20 6 4 -1.</_>
                <_>
                  16 20 3 2 2.</_>
                <_>
                  13 22 3 2 2.</_></rects>
              <tilted>0</tilted></feature>
            <threshold>-2.0439939107745886e-003</threshold>
            <left_val>0.3113324046134949</left_val>
            <right_val>-0.2523325085639954</right_val></_></_>
        <_>
          <_>
            <feature>
              <rects>
                <_>
                  8 18 3 2 -1.</_>
                <_>
                  9 18 1 2 3.</_></rects>
              <tilted>0</tilted></feature>
            <threshold>-1.1993860243819654e-004</threshold>
            <left_val>-0.5842465162277222</left_val>
            <right_val>0.1829320937395096</right_val></_></_>
        <_>
          <_>
            <feature>
              <rects>
                <_>
                  8 1 8 8 -1.</_>
                <_>
                  10 1 4 8 2.</_></rects>
              <tilted>0</tilted></feature>
            <threshold>0.0123716099187732</threshold>
            <left_val>-0.2573823034763336</left_val>
            <right_val>0.4467681944370270</right_val></_></_>
        <_>
          <_>
            <feature>
              <rects>
                <_>
                  0 7 22 8 -1.</_>
                <_>
                  0 7 11 4 2.</_>
                <_>
                  11 11 11 4 2.</_></rects>
              <tilted>0</tilted></feature>
            <threshold>-0.0234757997095585</threshold>
            <left_val>-0.8113430142402649</left_val>
            <right_val>0.1489026993513107</right_val></_></_>
        <_>
          <_>
            <feature>
              <rects>
                <_>
                  16 9 4 2 -1.</_>
                <_>
                  18 9 2 1 2.</_>
                <_>
                  16 10 2 1 2.</_></rects>
              <tilted>0</tilted></feature>
            <threshold>5.1370210712775588e-004</threshold>
            <left_val>-0.2150142043828964</left_val>
            <right_val>0.3429887890815735</right_val></_></_>
        <_>
          <_>
            <feature>
              <rects>
                <_>
                  4 19 8 4 -1.</_>
                <_>
                  4 19 4 2 2.</_>
                <_>
                  8 21 4 2 2.</_></rects>
              <tilted>0</tilted></feature>
            <threshold>6.8162479437887669e-003</threshold>
            <left_val>-0.1396806985139847</left_val>
            <right_val>0.8938971161842346</right_val></_></_>
        <_>
          <_>
            <feature>
              <rects>
                <_>
                  20 8 4 1 -1.</_>
                <_>
                  20 8 2 1 2.</_></rects>
              <tilted>1</tilted></feature>
            <threshold>-1.5045240288600326e-003</threshold>
            <left_val>-0.3293592929840088</left_val>
            <right_val>0.1057709977030754</right_val></_></_>
        <_>
          <_>
            <feature>
              <rects>
                <_>
                  4 8 1 4 -1.</_>
                <_>
                  4 8 1 2 2.</_></rects>
              <tilted>1</tilted></feature>
            <threshold>3.6661629565060139e-003</threshold>
            <left_val>0.1480457037687302</left_val>
            <right_val>-0.9236786961555481</right_val></_></_>
        <_>
          <_>
            <feature>
              <rects>
                <_>
                  13 0 10 3 -1.</_>
                <_>
                  12 1 10 1 3.</_></rects>
              <tilted>1</tilted></feature>
            <threshold>-0.0329667590558529</threshold>
            <left_val>0.8523368835449219</left_val>
            <right_val>-0.0937752798199654</right_val></_></_>
        <_>
          <_>
            <feature>
              <rects>
                <_>
                  11 0 3 11 -1.</_>
                <_>
                  12 1 1 11 3.</_></rects>
              <tilted>1</tilted></feature>
            <threshold>6.2307231128215790e-003</threshold>
            <left_val>-0.1406041979789734</left_val>
            <right_val>0.6958221197128296</right_val></_></_>
        <_>
          <_>
            <feature>
              <rects>
                <_>
                  14 14 8 4 -1.</_>
                <_>
                  14 15 8 2 2.</_></rects>
              <tilted>0</tilted></feature>
            <threshold>7.3933289968408644e-005</threshold>
            <left_val>-0.2498721927404404</left_val>
            <right_val>0.1680839955806732</right_val></_></_></trees>
      <stage_threshold>-0.7135878801345825</stage_threshold>
      <parent>18</parent>
      <next>-1</next></_></stages></lamp>
</opencv_storage>
