<?xml version="1.0"?>
<opencv_storage>
<spoon type_id="opencv-haar-classifier">
  <size>
    24 24</size>
  <stages>
    <_>
      <trees>
        <_>
          <_>
            <feature>
              <rects>
                <_>
                  4 4 8 6 -1.</_>
                <_>
                  4 4 4 3 2.</_>
                <_>
                  8 7 4 3 2.</_></rects>
              <tilted>0</tilted></feature>
            <threshold>-6.2407618388533592e-003</threshold>
            <left_val>0.5972697138786316</left_val>
            <right_val>-0.5700327157974243</right_val></_></_>
        <_>
          <_>
            <feature>
              <rects>
                <_>
                  20 8 2 4 -1.</_>
                <_>
                  20 8 1 4 2.</_></rects>
              <tilted>1</tilted></feature>
            <threshold>8.7344320490956306e-004</threshold>
            <left_val>0.2752659916877747</left_val>
            <right_val>-0.7467746138572693</right_val></_></_>
        <_>
          <_>
            <feature>
              <rects>
                <_>
                  10 0 2 8 -1.</_>
                <_>
                  10 4 2 4 2.</_></rects>
              <tilted>0</tilted></feature>
            <threshold>7.9059200361371040e-003</threshold>
            <left_val>-0.4580452144145966</left_val>
            <right_val>0.7229936718940735</right_val></_></_>
        <_>
          <_>
            <feature>
              <rects>
                <_>
                  4 3 16 10 -1.</_>
                <_>
                  4 8 16 5 2.</_></rects>
              <tilted>0</tilted></feature>
            <threshold>0.0655123889446259</threshold>
            <left_val>-0.4004983901977539</left_val>
            <right_val>0.8713219761848450</right_val></_></_>
        <_>
          <_>
            <feature>
              <rects>
                <_>
                  0 7 4 16 -1.</_>
                <_>
                  1 7 2 16 2.</_></rects>
              <tilted>0</tilted></feature>
            <threshold>-2.2871810942888260e-003</threshold>
            <left_val>-0.9220206141471863</left_val>
            <right_val>0.4028191864490509</right_val></_></_></trees>
      <stage_threshold>-0.8942919969558716</stage_threshold>
      <parent>-1</parent>
      <next>-1</next></_>
    <_>
      <trees>
        <_>
          <_>
            <feature>
              <rects>
                <_>
                  0 7 4 17 -1.</_>
                <_>
                  1 7 2 17 2.</_></rects>
              <tilted>0</tilted></feature>
            <threshold>1.8657949985936284e-003</threshold>
            <left_val>0.3640553951263428</left_val>
            <right_val>-0.9518073797225952</right_val></_></_>
        <_>
          <_>
            <feature>
              <rects>
                <_>
                  10 4 10 6 -1.</_>
                <_>
                  15 4 5 3 2.</_>
                <_>
                  10 7 5 3 2.</_></rects>
              <tilted>0</tilted></feature>
            <threshold>-0.0258977506309748</threshold>
            <left_val>0.7742741703987122</left_val>
            <right_val>-0.4123683869838715</right_val></_></_>
        <_>
          <_>
            <feature>
              <rects>
                <_>
                  4 0 10 4 -1.</_>
                <_>
                  4 0 5 2 2.</_>
                <_>
                  9 2 5 2 2.</_></rects>
              <tilted>0</tilted></feature>
            <threshold>0.0120393196120858</threshold>
            <left_val>-0.3377265930175781</left_val>
            <right_val>0.8367087841033936</right_val></_></_>
        <_>
          <_>
            <feature>
              <rects>
                <_>
                  22 7 2 1 -1.</_>
                <_>
                  22 7 1 1 2.</_></rects>
              <tilted>1</tilted></feature>
            <threshold>2.4595740251243114e-004</threshold>
            <left_val>0.2390018999576569</left_val>
            <right_val>-0.5807849168777466</right_val></_></_>
        <_>
          <_>
            <feature>
              <rects>
                <_>
                  4 12 3 4 -1.</_>
                <_>
                  5 13 1 4 3.</_></rects>
              <tilted>1</tilted></feature>
            <threshold>1.4209640212357044e-003</threshold>
            <left_val>0.2716453075408936</left_val>
            <right_val>-0.9649711847305298</right_val></_></_></trees>
      <stage_threshold>-0.6951792836189270</stage_threshold>
      <parent>0</parent>
      <next>-1</next></_>
    <_>
      <trees>
        <_>
          <_>
            <feature>
              <rects>
                <_>
                  4 4 8 6 -1.</_>
                <_>
                  4 4 4 3 2.</_>
                <_>
                  8 7 4 3 2.</_></rects>
              <tilted>0</tilted></feature>
            <threshold>-8.6303148418664932e-003</threshold>
            <left_val>0.5857142806053162</left_val>
            <right_val>-0.5125001072883606</right_val></_></_>
        <_>
          <_>
            <feature>
              <rects>
                <_>
                  21 9 3 15 -1.</_>
                <_>
                  22 14 1 5 9.</_></rects>
              <tilted>0</tilted></feature>
            <threshold>-9.3746501952409744e-003</threshold>
            <left_val>-0.9018052220344544</left_val>
            <right_val>0.1799661070108414</right_val></_></_>
        <_>
          <_>
            <feature>
              <rects>
                <_>
                  4 3 8 6 -1.</_>
                <_>
                  4 5 8 2 3.</_></rects>
              <tilted>0</tilted></feature>
            <threshold>0.0257717501372099</threshold>
            <left_val>-0.2880148887634277</left_val>
            <right_val>0.8327069878578186</right_val></_></_>
        <_>
          <_>
            <feature>
              <rects>
                <_>
                  16 1 6 7 -1.</_>
                <_>
                  16 1 3 7 2.</_></rects>
              <tilted>1</tilted></feature>
            <threshold>-0.0655979365110397</threshold>
            <left_val>0.6843525171279907</left_val>
            <right_val>-0.1490996032953262</right_val></_></_>
        <_>
          <_>
            <feature>
              <rects>
                <_>
                  4 12 3 4 -1.</_>
                <_>
                  5 13 1 4 3.</_></rects>
              <tilted>1</tilted></feature>
            <threshold>-4.3731220648624003e-004</threshold>
            <left_val>-0.7326717972755432</left_val>
            <right_val>0.3651365935802460</right_val></_></_></trees>
      <stage_threshold>-0.4045119881629944</stage_threshold>
      <parent>1</parent>
      <next>-1</next></_>
    <_>
      <trees>
        <_>
          <_>
            <feature>
              <rects>
                <_>
                  3 0 16 6 -1.</_>
                <_>
                  3 2 16 2 3.</_></rects>
              <tilted>0</tilted></feature>
            <threshold>-0.0256764590740204</threshold>
            <left_val>0.6837608218193054</left_val>
            <right_val>-0.4395542144775391</right_val></_></_>
        <_>
          <_>
            <feature>
              <rects>
                <_>
                  11 6 4 2 -1.</_>
                <_>
                  11 7 4 1 2.</_></rects>
              <tilted>0</tilted></feature>
            <threshold>-1.8034749664366245e-003</threshold>
            <left_val>0.6132236123085022</left_val>
            <right_val>-0.3515517115592957</right_val></_></_>
        <_>
          <_>
            <feature>
              <rects>
                <_>
                  9 9 6 8 -1.</_>
                <_>
                  11 9 2 8 3.</_></rects>
              <tilted>0</tilted></feature>
            <threshold>-0.0188317596912384</threshold>
            <left_val>0.7916948795318604</left_val>
            <right_val>-0.2920799851417542</right_val></_></_>
        <_>
          <_>
            <feature>
              <rects>
                <_>
                  9 11 6 4 -1.</_>
                <_>
                  11 11 2 4 3.</_></rects>
              <tilted>0</tilted></feature>
            <threshold>0.0110569400712848</threshold>
            <left_val>-0.3672943115234375</left_val>
            <right_val>0.9123750925064087</right_val></_></_>
        <_>
          <_>
            <feature>
              <rects>
                <_>
                  0 2 8 6 -1.</_>
                <_>
                  4 2 4 6 2.</_></rects>
              <tilted>0</tilted></feature>
            <threshold>-0.0214322097599506</threshold>
            <left_val>0.8264576196670532</left_val>
            <right_val>-0.2526719868183136</right_val></_></_></trees>
      <stage_threshold>-0.7383769750595093</stage_threshold>
      <parent>2</parent>
      <next>-1</next></_>
    <_>
      <trees>
        <_>
          <_>
            <feature>
              <rects>
                <_>
                  0 2 1 9 -1.</_>
                <_>
                  0 5 1 3 3.</_></rects>
              <tilted>0</tilted></feature>
            <threshold>1.0300190187990665e-003</threshold>
            <left_val>0.2968035936355591</left_val>
            <right_val>-0.8227769732475281</right_val></_></_>
        <_>
          <_>
            <feature>
              <rects>
                <_>
                  8 0 8 4 -1.</_>
                <_>
                  8 1 8 2 2.</_></rects>
              <tilted>0</tilted></feature>
            <threshold>-0.0174474008381367</threshold>
            <left_val>0.7724552154541016</left_val>
            <right_val>-0.3318448960781097</right_val></_></_>
        <_>
          <_>
            <feature>
              <rects>
                <_>
                  1 11 6 2 -1.</_>
                <_>
                  3 11 2 2 3.</_></rects>
              <tilted>0</tilted></feature>
            <threshold>1.0204350110143423e-003</threshold>
            <left_val>0.3388026058673859</left_val>
            <right_val>-0.8433403968811035</right_val></_></_>
        <_>
          <_>
            <feature>
              <rects>
                <_>
                  0 3 24 6 -1.</_>
                <_>
                  8 5 8 2 9.</_></rects>
              <tilted>0</tilted></feature>
            <threshold>0.3111760020256043</threshold>
            <left_val>-0.2873094081878662</left_val>
            <right_val>0.9309176802635193</right_val></_></_>
        <_>
          <_>
            <feature>
              <rects>
                <_>
                  3 8 18 8 -1.</_>
                <_>
                  9 8 6 8 3.</_></rects>
              <tilted>0</tilted></feature>
            <threshold>-0.1051532030105591</threshold>
            <left_val>0.7515990734100342</left_val>
            <right_val>-0.4363938868045807</right_val></_></_>
        <_>
          <_>
            <feature>
              <rects>
                <_>
                  20 0 2 1 -1.</_>
                <_>
                  20 0 1 1 2.</_></rects>
              <tilted>0</tilted></feature>
            <threshold>5.9103738749399781e-004</threshold>
            <left_val>0.1787903010845184</left_val>
            <right_val>-0.9687272906303406</right_val></_></_>
        <_>
          <_>
            <feature>
              <rects>
                <_>
                  0 0 6 1 -1.</_>
                <_>
                  3 0 3 1 2.</_></rects>
              <tilted>0</tilted></feature>
            <threshold>-4.5228149974718690e-004</threshold>
            <left_val>-0.7456511855125427</left_val>
            <right_val>0.3080016970634460</right_val></_></_></trees>
      <stage_threshold>-1.0527310371398926</stage_threshold>
      <parent>3</parent>
      <next>-1</next></_>
    <_>
      <trees>
        <_>
          <_>
            <feature>
              <rects>
                <_>
                  3 7 5 2 -1.</_>
                <_>
                  3 7 5 1 2.</_></rects>
              <tilted>1</tilted></feature>
            <threshold>1.0719180572777987e-003</threshold>
            <left_val>0.2731294035911560</left_val>
            <right_val>-0.8857297897338867</right_val></_></_>
        <_>
          <_>
            <feature>
              <rects>
                <_>
                  2 5 21 17 -1.</_>
                <_>
                  9 5 7 17 3.</_></rects>
              <tilted>0</tilted></feature>
            <threshold>0.3252089917659760</threshold>
            <left_val>-0.2584049999713898</left_val>
            <right_val>0.8904805183410645</right_val></_></_>
        <_>
          <_>
            <feature>
              <rects>
                <_>
                  0 0 24 24 -1.</_>
                <_>
                  6 0 12 24 2.</_></rects>
              <tilted>0</tilted></feature>
            <threshold>-0.2519747018814087</threshold>
            <left_val>0.7666409015655518</left_val>
            <right_val>-0.4260824024677277</right_val></_></_>
        <_>
          <_>
            <feature>
              <rects>
                <_>
                  22 3 2 8 -1.</_>
                <_>
                  22 3 2 4 2.</_></rects>
              <tilted>1</tilted></feature>
            <threshold>4.3912390246987343e-003</threshold>
            <left_val>0.2846693992614746</left_val>
            <right_val>-0.4402011036872864</right_val></_></_>
        <_>
          <_>
            <feature>
              <rects>
                <_>
                  0 16 20 5 -1.</_>
                <_>
                  5 16 10 5 2.</_></rects>
              <tilted>0</tilted></feature>
            <threshold>0.0489748194813728</threshold>
            <left_val>-0.2908265888690949</left_val>
            <right_val>0.8851460218429565</right_val></_></_></trees>
      <stage_threshold>-0.4175150990486145</stage_threshold>
      <parent>4</parent>
      <next>-1</next></_>
    <_>
      <trees>
        <_>
          <_>
            <feature>
              <rects>
                <_>
                  1 2 16 2 -1.</_>
                <_>
                  1 2 8 1 2.</_>
                <_>
                  9 3 8 1 2.</_></rects>
              <tilted>0</tilted></feature>
            <threshold>1.0325389448553324e-003</threshold>
            <left_val>-0.5609750747680664</left_val>
            <right_val>0.3988431096076965</right_val></_></_>
        <_>
          <_>
            <feature>
              <rects>
                <_>
                  23 7 1 9 -1.</_>
                <_>
                  23 10 1 3 3.</_></rects>
              <tilted>0</tilted></feature>
            <threshold>1.4480550307780504e-003</threshold>
            <left_val>0.1444692015647888</left_val>
            <right_val>-0.8058509826660156</right_val></_></_>
        <_>
          <_>
            <feature>
              <rects>
                <_>
                  4 9 3 3 -1.</_>
                <_>
                  5 10 1 3 3.</_></rects>
              <tilted>1</tilted></feature>
            <threshold>-1.1527880560606718e-003</threshold>
            <left_val>-0.9291874766349793</left_val>
            <right_val>0.2233394980430603</right_val></_></_>
        <_>
          <_>
            <feature>
              <rects>
                <_>
                  3 5 18 1 -1.</_>
                <_>
                  9 5 6 1 3.</_></rects>
              <tilted>0</tilted></feature>
            <threshold>0.0163038801401854</threshold>
            <left_val>-0.3831236064434052</left_val>
            <right_val>0.6261674165725708</right_val></_></_>
        <_>
          <_>
            <feature>
              <rects>
                <_>
                  0 1 24 8 -1.</_>
                <_>
                  6 1 12 8 2.</_></rects>
              <tilted>0</tilted></feature>
            <threshold>-0.1865731030702591</threshold>
            <left_val>0.9269670844078064</left_val>
            <right_val>-0.3302007913589478</right_val></_></_>
        <_>
          <_>
            <feature>
              <rects>
                <_>
                  12 7 2 4 -1.</_>
                <_>
                  12 8 2 2 2.</_></rects>
              <tilted>0</tilted></feature>
            <threshold>-9.4123458256945014e-004</threshold>
            <left_val>0.4423980116844177</left_val>
            <right_val>-0.1465620994567871</right_val></_></_>
        <_>
          <_>
            <feature>
              <rects>
                <_>
                  0 8 6 9 -1.</_>
                <_>
                  2 11 2 3 9.</_></rects>
              <tilted>0</tilted></feature>
            <threshold>0.0173284392803907</threshold>
            <left_val>0.1941116005182266</left_val>
            <right_val>-0.9145538806915283</right_val></_></_></trees>
      <stage_threshold>-0.8589413166046143</stage_threshold>
      <parent>5</parent>
      <next>-1</next></_>
    <_>
      <trees>
        <_>
          <_>
            <feature>
              <rects>
                <_>
                  6 0 10 4 -1.</_>
                <_>
                  6 1 10 2 2.</_></rects>
              <tilted>0</tilted></feature>
            <threshold>-0.0197784099727869</threshold>
            <left_val>0.8124997019767761</left_val>
            <right_val>-0.3009253144264221</right_val></_></_>
        <_>
          <_>
            <feature>
              <rects>
                <_>
                  13 6 1 6 -1.</_>
                <_>
                  13 8 1 2 3.</_></rects>
              <tilted>0</tilted></feature>
            <threshold>-1.7447789432480931e-003</threshold>
            <left_val>0.4962402880191803</left_val>
            <right_val>-0.2145760059356690</right_val></_></_>
        <_>
          <_>
            <feature>
              <rects>
                <_>
                  3 0 18 12 -1.</_>
                <_>
                  3 4 18 4 3.</_></rects>
              <tilted>0</tilted></feature>
            <threshold>-0.1008500009775162</threshold>
            <left_val>0.6726064085960388</left_val>
            <right_val>-0.3599522113800049</right_val></_></_>
        <_>
          <_>
            <feature>
              <rects>
                <_>
                  1 2 22 8 -1.</_>
                <_>
                  1 4 22 4 2.</_></rects>
              <tilted>0</tilted></feature>
            <threshold>0.0604648999869823</threshold>
            <left_val>-0.3230795860290527</left_val>
            <right_val>0.6837934255599976</right_val></_></_>
        <_>
          <_>
            <feature>
              <rects>
                <_>
                  0 0 1 16 -1.</_>
                <_>
                  0 8 1 8 2.</_></rects>
              <tilted>0</tilted></feature>
            <threshold>0.0109120402485132</threshold>
            <left_val>0.3084264099597931</left_val>
            <right_val>-0.8625913858413696</right_val></_></_>
        <_>
          <_>
            <feature>
              <rects>
                <_>
                  6 8 12 5 -1.</_>
                <_>
                  10 8 4 5 3.</_></rects>
              <tilted>0</tilted></feature>
            <threshold>-0.0767868384718895</threshold>
            <left_val>0.8145641088485718</left_val>
            <right_val>-0.2853817045688629</right_val></_></_>
        <_>
          <_>
            <feature>
              <rects>
                <_>
                  10 5 4 4 -1.</_>
                <_>
                  10 5 4 2 2.</_></rects>
              <tilted>1</tilted></feature>
            <threshold>0.0302149094641209</threshold>
            <left_val>-0.2139236032962799</left_val>
            <right_val>0.8940340876579285</right_val></_></_></trees>
      <stage_threshold>-0.8170549273490906</stage_threshold>
      <parent>6</parent>
      <next>-1</next></_>
    <_>
      <trees>
        <_>
          <_>
            <feature>
              <rects>
                <_>
                  0 0 5 12 -1.</_>
                <_>
                  0 6 5 6 2.</_></rects>
              <tilted>0</tilted></feature>
            <threshold>-2.8187589487060905e-004</threshold>
            <left_val>-0.6199094057083130</left_val>
            <right_val>0.3712734878063202</right_val></_></_>
        <_>
          <_>
            <feature>
              <rects>
                <_>
                  9 20 6 4 -1.</_>
                <_>
                  9 21 6 2 2.</_></rects>
              <tilted>0</tilted></feature>
            <threshold>-3.4323760773986578e-003</threshold>
            <left_val>0.6092714071273804</left_val>
            <right_val>-0.3394070863723755</right_val></_></_>
        <_>
          <_>
            <feature>
              <rects>
                <_>
                  1 8 21 14 -1.</_>
                <_>
                  8 8 7 14 3.</_></rects>
              <tilted>0</tilted></feature>
            <threshold>0.2545250952243805</threshold>
            <left_val>-0.2419677972793579</left_val>
            <right_val>0.8487557172775269</right_val></_></_>
        <_>
          <_>
            <feature>
              <rects>
                <_>
                  3 3 18 15 -1.</_>
                <_>
                  3 8 18 5 3.</_></rects>
              <tilted>0</tilted></feature>
            <threshold>0.1198621988296509</threshold>
            <left_val>-0.3005346059799194</left_val>
            <right_val>0.6964625716209412</right_val></_></_>
        <_>
          <_>
            <feature>
              <rects>
                <_>
                  4 5 8 4 -1.</_>
                <_>
                  4 5 4 2 2.</_>
                <_>
                  8 7 4 2 2.</_></rects>
              <tilted>0</tilted></feature>
            <threshold>-0.0148189999163151</threshold>
            <left_val>0.6378992199897766</left_val>
            <right_val>-0.2898587882518768</right_val></_></_>
        <_>
          <_>
            <feature>
              <rects>
                <_>
                  23 5 1 2 -1.</_>
                <_>
                  23 5 1 1 2.</_></rects>
              <tilted>1</tilted></feature>
            <threshold>-1.0239810217171907e-003</threshold>
            <left_val>-0.6423897147178650</left_val>
            <right_val>0.1262709051370621</right_val></_></_>
        <_>
          <_>
            <feature>
              <rects>
                <_>
                  1 5 2 1 -1.</_>
                <_>
                  1 5 1 1 2.</_></rects>
              <tilted>1</tilted></feature>
            <threshold>7.4656581273302436e-004</threshold>
            <left_val>0.2115712016820908</left_val>
            <right_val>-0.9757081270217896</right_val></_></_></trees>
      <stage_threshold>-1.1317729949951172</stage_threshold>
      <parent>7</parent>
      <next>-1</next></_>
    <_>
      <trees>
        <_>
          <_>
            <feature>
              <rects>
                <_>
                  3 6 10 2 -1.</_>
                <_>
                  3 6 5 1 2.</_>
                <_>
                  8 7 5 1 2.</_></rects>
              <tilted>0</tilted></feature>
            <threshold>-1.9323109881952405e-003</threshold>
            <left_val>0.5615401864051819</left_val>
            <right_val>-0.4451181888580322</right_val></_></_>
        <_>
          <_>
            <feature>
              <rects>
                <_>
                  9 20 7 4 -1.</_>
                <_>
                  9 21 7 2 2.</_></rects>
              <tilted>0</tilted></feature>
            <threshold>-3.1569309066981077e-003</threshold>
            <left_val>0.6412870287895203</left_val>
            <right_val>-0.3621489107608795</right_val></_></_>
        <_>
          <_>
            <feature>
              <rects>
                <_>
                  1 1 16 4 -1.</_>
                <_>
                  1 1 8 2 2.</_>
                <_>
                  9 3 8 2 2.</_></rects>
              <tilted>0</tilted></feature>
            <threshold>0.0224352106451988</threshold>
            <left_val>-0.2952396869659424</left_val>
            <right_val>0.6394023895263672</right_val></_></_>
        <_>
          <_>
            <feature>
              <rects>
                <_>
                  0 0 24 1 -1.</_>
                <_>
                  0 0 12 1 2.</_></rects>
              <tilted>0</tilted></feature>
            <threshold>0.0171246901154518</threshold>
            <left_val>0.2172383069992065</left_val>
            <right_val>-1.0000050067901611</right_val></_></_>
        <_>
          <_>
            <feature>
              <rects>
                <_>
                  0 0 22 1 -1.</_>
                <_>
                  11 0 11 1 2.</_></rects>
              <tilted>0</tilted></feature>
            <threshold>7.2338241152465343e-003</threshold>
            <left_val>0.2071209996938705</left_val>
            <right_val>-0.8385524153709412</right_val></_></_>
        <_>
          <_>
            <feature>
              <rects>
                <_>
                  17 4 2 3 -1.</_>
                <_>
                  17 4 1 3 2.</_></rects>
              <tilted>1</tilted></feature>
            <threshold>-7.7733630314469337e-003</threshold>
            <left_val>0.5880187153816223</left_val>
            <right_val>-0.1525046974420548</right_val></_></_>
        <_>
          <_>
            <feature>
              <rects>
                <_>
                  7 4 3 2 -1.</_>
                <_>
                  7 4 3 1 2.</_></rects>
              <tilted>1</tilted></feature>
            <threshold>1.8111469689756632e-003</threshold>
            <left_val>-0.3401066958904266</left_val>
            <right_val>0.6382125020027161</right_val></_></_></trees>
      <stage_threshold>-1.1707589626312256</stage_threshold>
      <parent>8</parent>
      <next>-1</next></_>
    <_>
      <trees>
        <_>
          <_>
            <feature>
              <rects>
                <_>
                  0 4 12 1 -1.</_>
                <_>
                  3 4 6 1 2.</_></rects>
              <tilted>0</tilted></feature>
            <threshold>-1.8916459521278739e-003</threshold>
            <left_val>0.4238412082195282</left_val>
            <right_val>-0.4507044851779938</right_val></_></_>
        <_>
          <_>
            <feature>
              <rects>
                <_>
                  6 12 12 12 -1.</_>
                <_>
                  10 16 4 4 9.</_></rects>
              <tilted>0</tilted></feature>
            <threshold>0.2399476021528244</threshold>
            <left_val>-0.1945891976356506</left_val>
            <right_val>0.8692458271980286</right_val></_></_>
        <_>
          <_>
            <feature>
              <rects>
                <_>
                  0 0 24 23 -1.</_>
                <_>
                  6 0 12 23 2.</_></rects>
              <tilted>0</tilted></feature>
            <threshold>-0.3551723062992096</threshold>
            <left_val>0.6229704022407532</left_val>
            <right_val>-0.3409057855606079</right_val></_></_>
        <_>
          <_>
            <feature>
              <rects>
                <_>
                  21 0 3 12 -1.</_>
                <_>
                  22 4 1 4 9.</_></rects>
              <tilted>0</tilted></feature>
            <threshold>7.8477859497070313e-003</threshold>
            <left_val>0.2559865117073059</left_val>
            <right_val>-0.4408147931098938</right_val></_></_>
        <_>
          <_>
            <feature>
              <rects>
                <_>
                  8 1 2 6 -1.</_>
                <_>
                  8 4 2 3 2.</_></rects>
              <tilted>0</tilted></feature>
            <threshold>2.5140990037471056e-003</threshold>
            <left_val>-0.4150345921516419</left_val>
            <right_val>0.4599261879920960</right_val></_></_>
        <_>
          <_>
            <feature>
              <rects>
                <_>
                  16 0 6 3 -1.</_>
                <_>
                  15 1 6 1 3.</_></rects>
              <tilted>1</tilted></feature>
            <threshold>-7.2213299572467804e-003</threshold>
            <left_val>0.2884640097618103</left_val>
            <right_val>-0.2308018952608109</right_val></_></_>
        <_>
          <_>
            <feature>
              <rects>
                <_>
                  0 0 3 12 -1.</_>
                <_>
                  1 4 1 4 9.</_></rects>
              <tilted>0</tilted></feature>
            <threshold>8.2309655845165253e-003</threshold>
            <left_val>0.1969489008188248</left_val>
            <right_val>-0.9342352151870728</right_val></_></_>
        <_>
          <_>
            <feature>
              <rects>
                <_>
                  7 20 11 4 -1.</_>
                <_>
                  7 21 11 2 2.</_></rects>
              <tilted>0</tilted></feature>
            <threshold>-4.2299837805330753e-003</threshold>
            <left_val>0.4710099101066589</left_val>
            <right_val>-0.3402074873447418</right_val></_></_>
        <_>
          <_>
            <feature>
              <rects>
                <_>
                  3 7 3 3 -1.</_>
                <_>
                  2 8 3 1 3.</_></rects>
              <tilted>1</tilted></feature>
            <threshold>-4.1878499905578792e-004</threshold>
            <left_val>-0.8357260823249817</left_val>
            <right_val>0.2030217945575714</right_val></_></_></trees>
      <stage_threshold>-1.1381269693374634</stage_threshold>
      <parent>9</parent>
      <next>-1</next></_>
    <_>
      <trees>
        <_>
          <_>
            <feature>
              <rects>
                <_>
                  2 6 6 2 -1.</_>
                <_>
                  2 6 6 1 2.</_></rects>
              <tilted>1</tilted></feature>
            <threshold>-1.7363319639116526e-003</threshold>
            <left_val>-0.6666672825813294</left_val>
            <right_val>0.2559249103069305</right_val></_></_>
        <_>
          <_>
            <feature>
              <rects>
                <_>
                  16 0 7 3 -1.</_>
                <_>
                  15 1 7 1 3.</_></rects>
              <tilted>1</tilted></feature>
            <threshold>9.7826682031154633e-003</threshold>
            <left_val>-0.1241116002202034</left_val>
            <right_val>0.5690674781799316</right_val></_></_>
        <_>
          <_>
            <feature>
              <rects>
                <_>
                  6 0 4 3 -1.</_>
                <_>
                  7 1 2 3 2.</_></rects>
              <tilted>1</tilted></feature>
            <threshold>-0.0100806802511215</threshold>
            <left_val>0.5324531793594360</left_val>
            <right_val>-0.3643585145473480</right_val></_></_>
        <_>
          <_>
            <feature>
              <rects>
                <_>
                  13 7 3 4 -1.</_>
                <_>
                  13 9 3 2 2.</_></rects>
              <tilted>0</tilted></feature>
            <threshold>6.0289311222732067e-003</threshold>
            <left_val>-0.1860363036394119</left_val>
            <right_val>0.5023679733276367</right_val></_></_>
        <_>
          <_>
            <feature>
              <rects>
                <_>
                  5 18 8 6 -1.</_>
                <_>
                  5 18 4 3 2.</_>
                <_>
                  9 21 4 3 2.</_></rects>
              <tilted>0</tilted></feature>
            <threshold>-8.4595587104558945e-003</threshold>
            <left_val>0.7251998186111450</left_val>
            <right_val>-0.1858637928962708</right_val></_></_>
        <_>
          <_>
            <feature>
              <rects>
                <_>
                  15 9 3 12 -1.</_>
                <_>
                  12 12 3 6 2.</_></rects>
              <tilted>1</tilted></feature>
            <threshold>-1.4795439783483744e-003</threshold>
            <left_val>0.1968587934970856</left_val>
            <right_val>-0.1582594960927963</right_val></_></_>
        <_>
          <_>
            <feature>
              <rects>
                <_>
                  10 8 4 4 -1.</_>
                <_>
                  10 8 2 2 2.</_>
                <_>
                  12 10 2 2 2.</_></rects>
              <tilted>0</tilted></feature>
            <threshold>-3.3583990298211575e-003</threshold>
            <left_val>0.7118549942970276</left_val>
            <right_val>-0.2665539979934692</right_val></_></_>
        <_>
          <_>
            <feature>
              <rects>
                <_>
                  19 0 3 2 -1.</_>
                <_>
                  20 0 1 2 3.</_></rects>
              <tilted>0</tilted></feature>
            <threshold>-2.1383719285950065e-004</threshold>
            <left_val>-0.7144777178764343</left_val>
            <right_val>0.2482298016548157</right_val></_></_>
        <_>
          <_>
            <feature>
              <rects>
                <_>
                  0 1 2 2 -1.</_>
                <_>
                  1 1 1 2 2.</_></rects>
              <tilted>0</tilted></feature>
            <threshold>-6.6930530010722578e-005</threshold>
            <left_val>-0.6028534173965454</left_val>
            <right_val>0.2616775035858154</right_val></_></_>
        <_>
          <_>
            <feature>
              <rects>
                <_>
                  4 4 16 16 -1.</_>
                <_>
                  4 8 16 8 2.</_></rects>
              <tilted>0</tilted></feature>
            <threshold>0.0948879122734070</threshold>
            <left_val>-0.2635521888732910</left_val>
            <right_val>0.6261398196220398</right_val></_></_>
        <_>
          <_>
            <feature>
              <rects>
                <_>
                  6 18 12 2 -1.</_>
                <_>
                  9 18 6 2 2.</_></rects>
              <tilted>0</tilted></feature>
            <threshold>0.0180749297142029</threshold>
            <left_val>-0.2981683909893036</left_val>
            <right_val>0.8007333874702454</right_val></_></_>
        <_>
          <_>
            <feature>
              <rects>
                <_>
                  9 13 9 9 -1.</_>
                <_>
                  12 13 3 9 3.</_></rects>
              <tilted>0</tilted></feature>
            <threshold>-0.0304506104439497</threshold>
            <left_val>0.4860183894634247</left_val>
            <right_val>-0.1001856029033661</right_val></_></_></trees>
      <stage_threshold>-1.2026430368423462</stage_threshold>
      <parent>10</parent>
      <next>-1</next></_>
    <_>
      <trees>
        <_>
          <_>
            <feature>
              <rects>
                <_>
                  7 0 9 3 -1.</_>
                <_>
                  7 1 9 1 3.</_></rects>
              <tilted>0</tilted></feature>
            <threshold>-0.0142381796613336</threshold>
            <left_val>0.7605637907981873</left_val>
            <right_val>-0.2454530000686646</right_val></_></_>
        <_>
          <_>
            <feature>
              <rects>
                <_>
                  16 1 7 8 -1.</_>
                <_>
                  16 1 7 4 2.</_></rects>
              <tilted>1</tilted></feature>
            <threshold>0.1068475022912026</threshold>
            <left_val>0.1227582991123200</left_val>
            <right_val>-0.8004276156425476</right_val></_></_>
        <_>
          <_>
            <feature>
              <rects>
                <_>
                  0 0 24 1 -1.</_>
                <_>
                  12 0 12 1 2.</_></rects>
              <tilted>0</tilted></feature>
            <threshold>-2.2125809919089079e-003</threshold>
            <left_val>-0.5252161026000977</left_val>
            <right_val>0.3411161005496979</right_val></_></_>
        <_>
          <_>
            <feature>
              <rects>
                <_>
                  1 5 22 6 -1.</_>
                <_>
                  1 8 22 3 2.</_></rects>
              <tilted>0</tilted></feature>
            <threshold>-0.0755369812250137</threshold>
            <left_val>0.8577517867088318</left_val>
            <right_val>-0.2475365996360779</right_val></_></_>
        <_>
          <_>
            <feature>
              <rects>
                <_>
                  6 7 5 4 -1.</_>
                <_>
                  6 9 5 2 2.</_></rects>
              <tilted>0</tilted></feature>
            <threshold>3.7347360048443079e-003</threshold>
            <left_val>-0.4794976115226746</left_val>
            <right_val>0.4444574117660523</right_val></_></_>
        <_>
          <_>
            <feature>
              <rects>
                <_>
                  18 0 4 1 -1.</_>
                <_>
                  18 0 2 1 2.</_></rects>
              <tilted>0</tilted></feature>
            <threshold>-8.3653512410819530e-004</threshold>
            <left_val>-0.6180508732795715</left_val>
            <right_val>0.1439774036407471</right_val></_></_>
        <_>
          <_>
            <feature>
              <rects>
                <_>
                  0 0 16 1 -1.</_>
                <_>
                  4 0 8 1 2.</_></rects>
              <tilted>0</tilted></feature>
            <threshold>-2.1154440473765135e-003</threshold>
            <left_val>-0.7391257882118225</left_val>
            <right_val>0.2186646014451981</right_val></_></_>
        <_>
          <_>
            <feature>
              <rects>
                <_>
                  16 0 6 10 -1.</_>
                <_>
                  19 0 3 5 2.</_>
                <_>
                  16 5 3 5 2.</_></rects>
              <tilted>0</tilted></feature>
            <threshold>5.4958187974989414e-003</threshold>
            <left_val>-0.2402871996164322</left_val>
            <right_val>0.3169712126255035</right_val></_></_>
        <_>
          <_>
            <feature>
              <rects>
                <_>
                  0 18 24 3 -1.</_>
                <_>
                  8 18 8 3 3.</_></rects>
              <tilted>0</tilted></feature>
            <threshold>-0.0706857964396477</threshold>
            <left_val>0.6186624765396118</left_val>
            <right_val>-0.2979340851306915</right_val></_></_>
        <_>
          <_>
            <feature>
              <rects>
                <_>
                  5 13 15 8 -1.</_>
                <_>
                  10 13 5 8 3.</_></rects>
              <tilted>0</tilted></feature>
            <threshold>0.0722068697214127</threshold>
            <left_val>-0.2798165977001190</left_val>
            <right_val>0.6076979041099548</right_val></_></_></trees>
      <stage_threshold>-0.9640088081359863</stage_threshold>
      <parent>11</parent>
      <next>-1</next></_>
    <_>
      <trees>
        <_>
          <_>
            <feature>
              <rects>
                <_>
                  11 0 2 3 -1.</_>
                <_>
                  11 1 2 1 3.</_></rects>
              <tilted>0</tilted></feature>
            <threshold>-8.1463431706652045e-004</threshold>
            <left_val>0.4307708144187927</left_val>
            <right_val>-0.3500030040740967</right_val></_></_>
        <_>
          <_>
            <feature>
              <rects>
                <_>
                  22 1 2 2 -1.</_>
                <_>
                  22 1 1 2 2.</_></rects>
              <tilted>0</tilted></feature>
            <threshold>1.9405879720579833e-004</threshold>
            <left_val>0.1563844978809357</left_val>
            <right_val>-0.7183945775032044</right_val></_></_>
        <_>
          <_>
            <feature>
              <rects>
                <_>
                  4 3 8 2 -1.</_>
                <_>
                  4 3 8 1 2.</_></rects>
              <tilted>1</tilted></feature>
            <threshold>-0.0200289599597454</threshold>
            <left_val>0.9172008037567139</left_val>
            <right_val>-0.1600372046232224</right_val></_></_>
        <_>
          <_>
            <feature>
              <rects>
                <_>
                  3 1 18 9 -1.</_>
                <_>
                  3 4 18 3 3.</_></rects>
              <tilted>0</tilted></feature>
            <threshold>0.1874632984399796</threshold>
            <left_val>-0.2341101020574570</left_val>
            <right_val>0.8543962240219116</right_val></_></_>
        <_>
          <_>
            <feature>
              <rects>
                <_>
                  4 10 15 9 -1.</_>
                <_>
                  4 13 15 3 3.</_></rects>
              <tilted>0</tilted></feature>
            <threshold>0.0250817891210318</threshold>
            <left_val>0.2789619863033295</left_val>
            <right_val>-0.8641973137855530</right_val></_></_>
        <_>
          <_>
            <feature>
              <rects>
                <_>
                  18 3 2 8 -1.</_>
                <_>
                  18 3 1 8 2.</_></rects>
              <tilted>1</tilted></feature>
            <threshold>-0.0154611403122544</threshold>
            <left_val>0.4691076874732971</left_val>
            <right_val>-0.1981201022863388</right_val></_></_>
        <_>
          <_>
            <feature>
              <rects>
                <_>
                  6 11 3 2 -1.</_>
                <_>
                  7 12 1 2 3.</_></rects>
              <tilted>1</tilted></feature>
            <threshold>9.6119288355112076e-004</threshold>
            <left_val>0.2545463144779205</left_val>
            <right_val>-0.7711293101310730</right_val></_></_>
        <_>
          <_>
            <feature>
              <rects>
                <_>
                  12 7 6 2 -1.</_>
                <_>
                  15 7 3 1 2.</_>
                <_>
                  12 8 3 1 2.</_></rects>
              <tilted>0</tilted></feature>
            <threshold>-6.1471550725400448e-003</threshold>
            <left_val>0.7651935219764710</left_val>
            <right_val>-0.1911835968494415</right_val></_></_>
        <_>
          <_>
            <feature>
              <rects>
                <_>
                  3 20 2 2 -1.</_>
                <_>
                  3 20 1 2 2.</_></rects>
              <tilted>1</tilted></feature>
            <threshold>-1.1930960317840800e-004</threshold>
            <left_val>-0.5701416730880737</left_val>
            <right_val>0.2980271875858307</right_val></_></_>
        <_>
          <_>
            <feature>
              <rects>
                <_>
                  14 12 4 8 -1.</_>
                <_>
                  12 14 4 4 2.</_></rects>
              <tilted>1</tilted></feature>
            <threshold>0.0361933112144470</threshold>
            <left_val>-0.1839888989925385</left_val>
            <right_val>0.4232723116874695</right_val></_></_>
        <_>
          <_>
            <feature>
              <rects>
                <_>
                  4 17 10 1 -1.</_>
                <_>
                  9 17 5 1 2.</_></rects>
              <tilted>0</tilted></feature>
            <threshold>-3.3965469337999821e-003</threshold>
            <left_val>0.4539814889431000</left_val>
            <right_val>-0.3321864008903503</right_val></_></_></trees>
      <stage_threshold>-0.9292271733283997</stage_threshold>
      <parent>12</parent>
      <next>-1</next></_>
    <_>
      <trees>
        <_>
          <_>
            <feature>
              <rects>
                <_>
                  6 1 4 6 -1.</_>
                <_>
                  7 2 2 6 2.</_></rects>
              <tilted>1</tilted></feature>
            <threshold>-6.5637361258268356e-003</threshold>
            <left_val>0.4869554936885834</left_val>
            <right_val>-0.3218415975570679</right_val></_></_>
        <_>
          <_>
            <feature>
              <rects>
                <_>
                  18 0 5 3 -1.</_>
                <_>
                  17 1 5 1 3.</_></rects>
              <tilted>1</tilted></feature>
            <threshold>-0.0112352799624205</threshold>
            <left_val>0.6981889009475708</left_val>
            <right_val>-0.2615663111209869</right_val></_></_>
        <_>
          <_>
            <feature>
              <rects>
                <_>
                  1 8 3 4 -1.</_>
                <_>
                  2 8 1 4 3.</_></rects>
              <tilted>0</tilted></feature>
            <threshold>3.2170879421755672e-004</threshold>
            <left_val>0.2038944065570831</left_val>
            <right_val>-0.7932149171829224</right_val></_></_>
        <_>
          <_>
            <feature>
              <rects>
                <_>
                  16 0 5 3 -1.</_>
                <_>
                  15 1 5 1 3.</_></rects>
              <tilted>1</tilted></feature>
            <threshold>8.7297689169645309e-003</threshold>
            <left_val>-0.1616193950176239</left_val>
            <right_val>0.4111459851264954</right_val></_></_>
        <_>
          <_>
            <feature>
              <rects>
                <_>
                  6 7 4 4 -1.</_>
                <_>
                  6 7 2 2 2.</_>
                <_>
                  8 9 2 2 2.</_></rects>
              <tilted>0</tilted></feature>
            <threshold>1.1550970375537872e-003</threshold>
            <left_val>-0.2238357961177826</left_val>
            <right_val>0.6029464006423950</right_val></_></_>
        <_>
          <_>
            <feature>
              <rects>
                <_>
                  9 14 6 3 -1.</_>
                <_>
                  11 14 2 3 3.</_></rects>
              <tilted>0</tilted></feature>
            <threshold>0.0145726697519422</threshold>
            <left_val>-0.2063913941383362</left_val>
            <right_val>0.8042070865631104</right_val></_></_>
        <_>
          <_>
            <feature>
              <rects>
                <_>
                  9 10 6 5 -1.</_>
                <_>
                  11 10 2 5 3.</_></rects>
              <tilted>0</tilted></feature>
            <threshold>-7.8526129946112633e-003</threshold>
            <left_val>0.4950152039527893</left_val>
            <right_val>-0.3167161047458649</right_val></_></_>
        <_>
          <_>
            <feature>
              <rects>
                <_>
                  9 0 12 1 -1.</_>
                <_>
                  13 0 4 1 3.</_></rects>
              <tilted>0</tilted></feature>
            <threshold>-4.0083359926939011e-003</threshold>
            <left_val>-0.4736821055412293</left_val>
            <right_val>0.1728952974081039</right_val></_></_>
        <_>
          <_>
            <feature>
              <rects>
                <_>
                  6 0 3 5 -1.</_>
                <_>
                  7 1 1 5 3.</_></rects>
              <tilted>1</tilted></feature>
            <threshold>-0.0122583499178290</threshold>
            <left_val>0.7973129153251648</left_val>
            <right_val>-0.1825326979160309</right_val></_></_>
        <_>
          <_>
            <feature>
              <rects>
                <_>
                  9 9 6 4 -1.</_>
                <_>
                  11 9 2 4 3.</_></rects>
              <tilted>0</tilted></feature>
            <threshold>7.6799141243100166e-003</threshold>
            <left_val>-0.2294495999813080</left_val>
            <right_val>0.6090587973594666</right_val></_></_></trees>
      <stage_threshold>-0.7183663249015808</stage_threshold>
      <parent>13</parent>
      <next>-1</next></_></stages></spoon>
</opencv_storage>
